customer_id,region,device_type,subscription_plan,account_age_days,monthly_spend,num_orders_last_90d,avg_order_value,support_tickets_raised,days_since_last_login,pages_per_session,churned
CUST00001,East,Mobile,Premium,1189,66.24,2,50.1,1,161,9.9,0
CUST00002,North,Mobile,Free,1069,70.3,4,136.62,1,229,11.2,1
CUST00003,West,Desktop,Free,108,,8,53.97,0,258,6.9,0
CUST00004,Central,Desktop,Free,1297,173.46,5,132.2,3,138,12.4,0
CUST00005,Central,Mobile,Premium,707,7.23,3,5.0,1,4,7.5,0
CUST00006,South,Desktop,Basic,655,58.18,2,71.67,4,356,11.2,1
CUST00007,East,Desktop,Free,588,,5,117.26,0,162,9.6,1
CUST00008,East,Desktop,Basic,19,19.52,4,132.3,2,198,4.3,0
CUST00009,East,Tablet,Free,845,249.39,3,170.15,1,55,6.1,1
CUST00010,East,Mobile,Enterprise,211,93.35,7,183.42,1,321,12.1,0
CUST00011,North,Mobile,Free,843,167.81,10,39.53,1,206,9.0,0
CUST00012,North,Mobile,Basic,454,46.96,8,177.68,1,101,12.8,0
CUST00013,North,Mobile,Enterprise,1049,14.39,6,85.18,1,162,11.2,0
CUST00014,West,Mobile,Basic,1040,144.31,4,,1,238,3.4,1
CUST00015,South,Desktop,Basic,1092,,3,192.57,3,53,2.4,0
CUST00016,East,Mobile,Basic,1172,83.8,8,93.46,1,121,4.7,0
CUST00017,North,Desktop,Basic,724,111.46,7,152.67,1,363,7.7,0
CUST00018,North,Mobile,Basic,1077,53.38,4,171.05,1,322,8.5,1
CUST00019,North,Mobile,Premium,783,32.43,6,34.36,2,11,4.4,1
CUST00020,South,Mobile,Premium,1386,45.62,11,50.57,0,115,5.4,0
CUST00021,Central,Mobile,Premium,330,72.01,3,,1,23,10.7,1
CUST00022,North,Mobile,Free,1169,50.9,4,54.37,1,253,5.4,1
CUST00023,North,Desktop,Basic,1270,,3,120.17,0,58,5.5,1
CUST00024,West,Desktop,Basic,864,15.97,4,214.58,1,240,,1
CUST00025,North,Mobile,Free,1364,12.49,6,185.58,2,128,10.2,1
CUST00026,North,Tablet,Basic,923,252.86,2,102.42,1,144,6.2,0
CUST00027,East,Desktop,Free,110,156.47,6,42.96,0,110,5.5,1
CUST00028,West,Mobile,Premium,1310,37.61,9,217.67,2,130,10.5,0
CUST00029,North,Mobile,Basic,938,27.34,7,132.05,0,314,11.9,1
CUST00030,East,Desktop,Premium,857,152.73,1,69.34,0,133,5.5,0
CUST00031,West,Mobile,Basic,521,0.54,10,68.49,1,18,11.7,1
CUST00032,North,Mobile,Free,321,71.24,4,128.38,2,364,8.9,1
CUST00033,East,Mobile,Basic,751,380.64,10,89.4,1,362,8.2,1
CUST00034,South,Mobile,Basic,722,52.04,1,275.01,0,76,13.6,1
CUST00035,South,Desktop,Basic,1314,3.93,9,130.53,1,187,9.3,1
CUST00036,Central,Mobile,Free,458,16.24,0,73.49,3,267,10.4,0
CUST00037,North,Desktop,Free,845,157.59,2,139.52,1,234,6.5,1
CUST00038,North,Mobile,Free,614,38.1,4,206.35,0,344,15.1,0
CUST00039,East,Tablet,Premium,264,,2,120.82,1,174,1.0,0
CUST00040,North,Mobile,Free,1237,19.95,7,118.36,1,34,9.8,1
CUST00041,North,Mobile,Free,892,44.94,8,55.17,2,73,13.7,0
CUST00042,East,Mobile,Basic,956,272.37,5,196.34,2,205,14.9,1
CUST00043,West,Desktop,Free,131,91.83,1,86.2,2,34,6.5,0
CUST00044,North,Mobile,Free,867,72.78,8,33.63,0,86,5.4,0
CUST00045,South,Mobile,Premium,253,19.4,6,,0,46,16.2,0
CUST00046,North,Mobile,Free,-1,208.79,5,156.09,1,319,3.0,0
CUST00047,South,Desktop,Basic,1081,28.39,4,202.04,2,86,4.7,1
CUST00048,East,Tablet,Free,122,12567.062497122883,2,161.27,1,192,2.8,0
CUST00049,East,Mobile,Free,1076,42.57,9,91.52,2,98,3.7,0
CUST00050,North,Mobile,Basic,1363,189.41,7,181.69,0,14,7.7,0
CUST00051,East,Mobile,Basic,1160,150.75,5,176.78,0,119,2.4,0
CUST00052,South,Mobile,Premium,1137,28.53,8,113.42,2,347,1.7,0
CUST00053,North,Mobile,Basic,671,23.51,6,101.06,1,286,12.4,0
CUST00054,North,Desktop,Free,275,125.0,4,108.22,1,301,3.8,1
CUST00055,North,Mobile,Free,1329,61.3,8,5.0,2,316,3.1,0
CUST00056,North,Mobile,Basic,781,88.53,3,99.49,2,220,9.9,0
CUST00057,Central,Desktop,Free,419,18.78,0,,0,28,5.9,0
CUST00058,East,Mobile,Free,307,15.28,4,95.26,3,310,,0
CUST00059,North,Desktop,Free,545,17.32,7,136.72,1,101,10.5,0
CUST00060,South,Mobile,Premium,89,53.47,5,86.45,0,248,11.9,0
CUST00061,South,Desktop,Premium,1069,150.32,7,127.86,2,147,6.8,0
CUST00062,North,Tablet,Free,720,43.56,4,5.0,1,120,2.8,0
CUST00063,West,Mobile,Premium,1057,28.66,1,149.91,0,346,7.8,1
CUST00064,South,Mobile,Basic,1448,36.56,5,229.54,0,261,5.7,1
CUST00065,North,Desktop,Free,1044,31.97,5,115.66,2,89,,1
CUST00066,North,Mobile,Premium,1190,50.77,6,149.92,1,43,5.7,0
CUST00067,South,Mobile,Basic,627,164.8,2,136.82,3,96,1.1,1
CUST00068,East,Desktop,Free,1087,12694.655227878146,2,92.18,4,356,2.4,1
CUST00069,Central,Mobile,Basic,585,101.06,3,184.3,0,222,8.7,0
CUST00070,West,Desktop,Free,639,39.13,5,155.08,1,215,13.5,0
CUST00071,South,Mobile,Basic,519,60.82,2,158.79,2,80,12.9,1
CUST00072,North,Mobile,Free,301,30.97,5,135.29,6,16,11.1,1
CUST00073,West,Mobile,Premium,280,98.62,3,81.72,2,322,12.3,0
CUST00074,South,Mobile,Free,876,16.15,5,152.87,1,36,10.1,0
CUST00075,North,Tablet,Basic,847,98.22,3,46.94,3,213,3.8,1
CUST00076,West,Mobile,Enterprise,810,21.58,8,66.3,1,13,14.0,1
CUST00077,North,Mobile,Free,736,180.46,7,92.65,0,29,10.8,0
CUST00078,North,Desktop,Premium,-1,22.66,3,45.46,1,332,2.4,1
CUST00079,South,Mobile,Basic,965,52.32,5,63.92,1,138,8.1,0
CUST00080,South,Mobile,Free,1474,56.12,5,75.77,0,342,6.7,0
CUST00081,Central,Desktop,Free,1281,5.92,2,60.19,3,58,13.2,1
CUST00082,South,Mobile,Enterprise,1191,149.74,5,5.0,1,144,7.0,0
CUST00083,North,Mobile,Basic,463,37.14,6,121.93,0,85,1.2,0
CUST00084,East,Mobile,Basic,567,87.15,9,96.52,2,147,,1
CUST00085,North,Mobile,Free,397,323.64,8,199.59,1,77,5.7,1
CUST00086,North,Desktop,Enterprise,1137,48.83,6,83.23,0,175,16.8,1
CUST00087,South,Desktop,Premium,1018,2.09,1,102.87,3,53,,0
CUST00088,North,Mobile,Free,1042,86.28,2,131.96,2,325,3.2,0
CUST00089,Central,Tablet,Free,13,,6,140.41,2,83,6.0,0
CUST00090,North,Mobile,Basic,1430,30.39,7,112.89,4,118,3.2,1
CUST00091,West,Mobile,Free,1146,122.04,1,152.51,1,335,5.3,1
CUST00092,East,Mobile,Free,359,103.89,6,245.81,2,335,8.8,1
CUST00093,North,Desktop,Basic,1254,95.51,7,104.82,2,301,20.1,1
CUST00094,North,Mobile,Basic,482,83.4,5,133.74,2,148,7.1,0
CUST00095,Central,Mobile,Enterprise,916,37.75,3,86.19,1,233,2.2,1
CUST00096,North,Desktop,Premium,1228,229.31,3,137.95,0,281,8.1,1
CUST00097,North,Desktop,Free,912,38.98,3,250.85,3,123,20.4,1
CUST00098,North,Mobile,Basic,1162,66.45,8,139.84,0,200,6.3,1
CUST00099,East,Desktop,Premium,392,43.48,2,98.92,1,152,1.0,1
CUST00100,South,Desktop,Free,1021,59.24,10,174.92,1,300,7.7,1
CUST00101,East,Desktop,Free,1188,0.13,1,175.01,0,160,10.4,1
CUST00102,Central,Tablet,Free,1165,40.34,5,29.89,4,148,6.6,1
CUST00103,North,Mobile,Free,1372,17.61,5,81.63,0,361,8.7,1
CUST00104,North,Mobile,Basic,1119,15.78,2,196.47,1,347,9.8,1
CUST00105,West,Mobile,Free,317,170.61,1,237.29,1,59,10.8,1
CUST00106,North,Desktop,Basic,920,151.68,7,47.41,2,362,3.8,1
CUST00107,East,Desktop,Enterprise,915,69.62,9,66.0,2,147,9.9,0
CUST00108,North,Desktop,Basic,1171,18.1,2,145.05,3,198,4.0,1
CUST00109,North,Mobile,Free,649,,5,110.89,1,277,6.0,1
CUST00110,North,Tablet,Premium,572,27.5,4,132.43,1,244,,0
CUST00111,East,Tablet,Free,1188,24.76,1,22.32,0,344,11.7,1
CUST00112,North,Tablet,Free,127,14.04,6,,2,186,7.3,1
CUST00113,North,Mobile,Free,561,74.2,3,146.18,4,118,8.4,0
CUST00114,North,Desktop,Enterprise,209,36.85,7,159.24,3,195,11.5,1
CUST00115,North,Desktop,Free,820,28.0,5,236.28,1,62,5.2,1
CUST00116,North,Mobile,Free,599,2.34,3,194.68,0,230,13.2,1
CUST00117,North,Mobile,Free,734,33.07,4,197.31,2,259,10.1,0
CUST00118,East,Desktop,Basic,1333,54.51,7,123.43,1,220,7.2,1
CUST00119,East,Mobile,Free,867,38.88,2,,1,61,13.4,0
CUST00120,North,Mobile,Basic,216,96.48,4,119.91,1,97,8.8,1
CUST00121,East,Tablet,Enterprise,730,88.02,5,214.67,1,291,3.8,0
CUST00122,West,Tablet,Free,154,,6,142.96,3,72,13.1,0
CUST00123,South,Desktop,Free,785,54.22,8,115.17,0,232,9.9,0
CUST00124,South,Desktop,Free,1175,2.35,7,,1,35,10.4,0
CUST00125,North,Mobile,Free,360,2.5,2,144.35,2,264,10.5,1
CUST00126,West,Mobile,Basic,-1,32.05,1,148.11,1,106,15.2,0
CUST00127,West,Mobile,Free,1190,62.9,3,75.32,0,198,10.5,0
CUST00128,North,Mobile,Free,643,118.53,3,90.93,0,125,7.8,0
CUST00129,North,Desktop,Basic,870,67.06,7,142.45,0,157,2.2,0
CUST00130,West,Mobile,Basic,1226,41.12,4,27.67,1,162,8.4,0
CUST00131,South,Mobile,Premium,1496,25.11,0,,1,285,7.0,1
CUST00132,North,Tablet,Free,424,64.43,4,142.59,1,120,9.3,1
CUST00133,North,Desktop,Basic,357,29.64,7,5.0,1,153,14.4,0
CUST00134,North,Desktop,Basic,870,101.72,9,124.02,0,295,6.6,1
CUST00135,South,Desktop,Basic,470,16.38,5,223.88,2,332,13.1,1
CUST00136,East,Mobile,Enterprise,434,17.39,2,131.94,0,355,5.8,1
CUST00137,Central,Tablet,Enterprise,482,151.62,5,193.23,2,155,8.2,0
CUST00138,East,Desktop,Basic,1002,192.57,7,159.49,2,142,11.7,0
CUST00139,South,Desktop,Premium,1301,51.99,5,108.27,0,210,13.8,1
CUST00140,East,Mobile,Free,814,13.3,5,192.76,2,20,8.2,0
CUST00141,North,Desktop,Basic,1475,81.68,5,144.58,2,234,,1
CUST00142,East,Mobile,Basic,670,57.95,8,124.45,1,81,9.6,0
CUST00143,East,Mobile,Free,934,6.09,3,185.25,0,115,9.7,1
CUST00144,North,Mobile,Free,480,,3,93.38,0,194,3.7,0
CUST00145,South,Mobile,Basic,1386,,6,166.99,1,346,,1
CUST00146,North,Desktop,Free,1119,37.13,5,144.08,0,278,11.5,1
CUST00147,North,Mobile,Enterprise,953,372.54,6,68.39,1,186,6.8,1
CUST00148,North,Tablet,Premium,446,68.79,7,17.01,1,255,9.0,1
CUST00149,North,Desktop,Free,603,109.32,2,127.16,0,236,3.5,1
CUST00150,North,Desktop,Free,1320,65.48,3,203.59,1,19,1.5,1
CUST00151,East,Tablet,Premium,338,58.16,4,42.32,0,181,10.9,1
CUST00152,North,Tablet,Free,572,19.05,5,67.6,3,363,3.6,1
CUST00153,South,Mobile,Free,1108,13.42,3,38.78,2,99,10.9,1
CUST00154,North,Mobile,Free,154,132.44,4,86.98,2,116,1.7,1
CUST00155,South,Tablet,Free,1246,31.1,5,171.67,2,315,8.5,1
CUST00156,North,Mobile,Premium,456,28.8,6,90.44,0,316,5.1,0
CUST00157,South,Mobile,Free,877,120.21,5,177.24,3,131,1.6,0
CUST00158,South,Mobile,Enterprise,1411,76.45,2,7.98,1,246,6.2,0
CUST00159,North,Mobile,Basic,384,22.72,5,112.09,2,306,5.5,1
CUST00160,North,Mobile,Free,1447,53.71,8,5.0,1,266,12.0,1
CUST00161,West,Tablet,Premium,1388,126.0,3,136.36,2,169,1.0,0
CUST00162,South,Mobile,Free,1489,8.63,4,129.34,2,47,6.7,0
CUST00163,North,Desktop,Free,1246,1.78,4,36.83,2,227,10.4,1
CUST00164,West,Desktop,Free,558,34.13,6,198.49,2,208,12.4,0
CUST00165,West,Desktop,Free,408,207.01,4,153.6,0,354,10.9,1
CUST00166,West,Mobile,Basic,1273,79.92,3,5.0,2,36,1.9,0
CUST00167,East,Desktop,Basic,564,69.02,5,167.85,0,289,4.6,0
CUST00168,North,Desktop,Basic,648,6.67,4,97.74,1,346,4.8,1
CUST00169,West,Desktop,Free,166,129.87,5,142.17,1,25,12.3,0
CUST00170,South,Mobile,Premium,150,110.85,5,114.99,2,109,5.7,1
CUST00171,West,Mobile,Premium,421,27.79,4,132.66,1,169,4.7,1
CUST00172,South,Mobile,Basic,752,23.62,1,25.37,0,77,11.2,0
CUST00173,North,Mobile,Free,140,2.35,2,93.17,2,262,3.7,1
CUST00174,Central,Tablet,Free,1398,29.19,4,84.51,1,292,8.0,0
CUST00175,North,Tablet,Free,503,26.28,4,117.96,2,308,7.7,1
CUST00176,East,Desktop,Free,804,53.48,9,5.0,1,218,8.9,0
CUST00177,North,Mobile,Free,66,2.87,4,54.8,2,197,4.9,1
CUST00178,North,Mobile,Free,74,162.03,3,177.17,2,356,1.0,0
CUST00179,North,Mobile,Free,1384,111.95,4,209.12,3,67,13.3,0
CUST00180,East,Desktop,Enterprise,1183,24.15,3,69.99,1,18,8.7,0
CUST00181,North,Mobile,Basic,883,433.6,3,71.91,0,65,9.6,0
CUST00182,East,Mobile,Free,908,87.67,4,132.75,0,338,4.7,1
CUST00183,Central,Desktop,Basic,762,11.98,4,5.0,1,246,15.4,1
CUST00184,North,Mobile,Basic,357,132.31,3,173.92,3,119,7.6,1
CUST00185,North,Mobile,Premium,781,62.97,7,141.75,0,207,5.5,1
CUST00186,South,Desktop,Basic,142,87.35,7,5.0,3,66,5.1,1
CUST00187,East,Desktop,Free,509,117.58,4,99.14,3,314,8.3,1
CUST00188,Central,Mobile,Free,731,22.37,8,68.85,0,316,11.4,0
CUST00189,North,Desktop,Enterprise,518,84.32,6,67.14,1,13,4.9,0
CUST00190,South,Mobile,Premium,1237,31.42,3,132.48,2,228,9.4,0
CUST00191,North,Desktop,Free,1467,21.25,4,68.46,0,157,15.2,1
CUST00192,North,Mobile,Basic,502,62.33,10,114.53,0,243,,1
CUST00193,North,Desktop,Enterprise,849,34.79,7,148.24,0,163,11.2,0
CUST00194,East,Tablet,Free,27,83.67,4,5.95,1,238,9.9,0
CUST00195,North,Mobile,Basic,274,1.13,3,95.92,2,84,8.4,1
CUST00196,West,Desktop,Free,1296,23.53,4,,1,103,7.4,1
CUST00197,West,Desktop,Free,541,12.51,6,96.42,0,62,10.4,1
CUST00198,East,Desktop,Basic,1140,30.3,3,5.0,2,350,13.7,0
CUST00199,North,Desktop,Free,1257,25.82,9,94.94,1,81,7.8,0
CUST00200,North,Mobile,Free,976,57.36,4,200.96,0,19,5.3,0
CUST00201,West,Desktop,Free,708,,6,116.18,1,337,6.2,1
CUST00202,North,Mobile,Free,888,121.59,6,141.32,0,180,1.0,0
CUST00203,South,Desktop,Free,711,6.9,4,94.73,1,357,6.0,1
CUST00204,South,Mobile,Free,1192,40.22,2,91.27,0,41,11.2,0
CUST00205,North,Mobile,Basic,1320,150.66,1,136.89,1,206,5.0,0
CUST00206,Central,Tablet,Enterprise,709,58.45,8,64.6,2,171,9.8,0
CUST00207,North,Desktop,Free,741,21.15,7,66.47,0,240,6.2,0
CUST00208,East,Mobile,Premium,325,101.82,5,,0,351,11.9,1
CUST00209,West,Mobile,Premium,60,2.13,2,12.16,1,205,15.7,1
CUST00210,East,Mobile,Free,170,10.95,11,172.73,2,54,5.9,1
CUST00211,North,Mobile,Free,1060,62.46,7,201.64,0,321,1.2,0
CUST00212,East,Desktop,Free,206,20.22,7,5.0,0,99,2.9,1
CUST00213,North,Desktop,Premium,733,173.59,7,63.91,1,362,7.3,0
CUST00214,Central,Mobile,Free,1002,33.64,9,105.51,1,139,1.8,1
CUST00215,North,Mobile,Free,815,191.75,8,26.53,5,138,4.6,1
CUST00216,East,Mobile,Basic,1456,92.64,6,145.03,3,74,1.0,0
CUST00217,East,Desktop,Free,1050,10.08,2,136.82,1,353,13.0,0
CUST00218,South,Mobile,Free,1247,23.3,2,59.74,1,272,,1
CUST00219,North,Tablet,Basic,742,125.4,6,203.16,0,174,9.5,1
CUST00220,North,Mobile,Basic,1334,32.55,5,150.19,1,171,3.1,0
CUST00221,East,Mobile,Basic,589,128.2,4,150.11,2,222,8.2,1
CUST00222,Central,Mobile,Free,720,14.7,6,141.78,2,88,6.3,0
CUST00223,Central,Mobile,Free,1222,63.0,5,146.41,1,315,18.2,1
CUST00224,East,Mobile,Premium,768,97.48,6,107.29,0,263,1.8,1
CUST00225,North,Desktop,Free,1013,4.06,3,5299.791359489261,0,221,10.5,1
CUST00226,East,Desktop,Premium,522,31.96,2,139.82,1,252,11.4,0
CUST00227,North,Mobile,Free,1118,8.62,4,162.03,0,275,,1
CUST00228,North,Tablet,Basic,1059,209.01,3,98.74,0,28,10.5,1
CUST00229,East,Mobile,Free,251,211.83,4,301.84,0,354,,0
CUST00230,East,Desktop,Enterprise,586,0.66,5,200.67,0,313,8.2,0
CUST00231,North,Mobile,Free,997,44.7,1,265.81,0,4,8.7,0
CUST00232,North,Desktop,Basic,25,179.32,4,158.82,1,202,13.2,1
CUST00233,North,Desktop,Basic,160,3.05,2,252.33,0,51,15.3,0
CUST00234,South,Desktop,Free,92,2.95,5,,1,287,8.5,1
CUST00235,West,Mobile,Free,635,7.64,4,,0,81,5.9,0
CUST00236,North,Mobile,Basic,546,107.49,2,35.08,0,27,10.3,0
CUST00237,South,Desktop,Basic,1478,128.94,3,165.78,0,207,,0
CUST00238,North,Tablet,Free,740,3.31,3,65.99,1,313,9.6,0
CUST00239,North,Mobile,Basic,260,77.36,5,138.65,1,48,6.3,0
CUST00240,East,Mobile,Free,7,123.67,5,131.96,1,106,9.2,1
CUST00241,South,Desktop,Basic,1463,77.5,5,77.22,2,46,5.9,0
CUST00242,West,Mobile,Premium,525,2.0,3,136.13,4,287,,1
CUST00243,West,Desktop,Free,517,76.6,7,92.57,3,340,8.9,1
CUST00244,North,Mobile,Basic,262,65.61,7,149.7,1,159,2.6,0
CUST00245,North,Desktop,Enterprise,257,6.7,5,63.21,3,6,8.1,0
CUST00246,East,Mobile,Premium,373,9.5,4,112.03,0,6,7.2,0
CUST00247,West,Desktop,Basic,418,,9,177.63,2,364,,1
CUST00248,West,Mobile,Enterprise,1405,26.69,2,188.17,3,245,10.5,0
CUST00249,North,Mobile,Free,810,,7,218.72,1,32,5.8,0
CUST00250,North,Mobile,Basic,-1,58.82,4,165.15,2,214,4.4,0
CUST00251,North,Mobile,Basic,1251,133.74,5,159.67,0,113,3.5,0
CUST00252,North,Mobile,Basic,721,61.01,3,69.08,2,224,7.5,1
CUST00253,North,Desktop,Basic,1312,245.88,5,66.38,0,364,14.4,1
CUST00254,North,Mobile,Free,533,,6,67.9,1,211,9.6,1
CUST00255,South,Desktop,Free,633,29.02,8,197.41,0,141,9.1,0
CUST00256,West,Mobile,Basic,955,48.68,5,121.86,3,22,3.2,0
CUST00257,North,Desktop,Premium,35,117.44,6,40.87,2,84,2.6,0
CUST00258,East,Mobile,Free,1394,157.04,13,112.32,1,312,9.6,1
CUST00259,North,Tablet,Free,1395,99.95,3,86.22,0,285,1.0,0
CUST00260,North,Mobile,Basic,178,108.1,5,78.78,2,319,8.6,0
CUST00261,South,Mobile,Free,116,15.34,3,109.07,1,155,10.0,0
CUST00262,Central,Mobile,Free,510,79.5,4,170.41,0,142,12.0,1
CUST00263,North,Mobile,Basic,1452,68.0,6,86.48,2,1,2.1,0
CUST00264,Central,Mobile,Premium,660,121.29,2,113.53,0,239,,0
CUST00265,North,Mobile,Free,1176,47.06,4,11.08,1,177,15.7,0
CUST00266,West,Mobile,Basic,814,5.53,7,59.45,0,5,14.3,1
CUST00267,South,Mobile,Premium,314,34.12,4,,4,328,8.6,1
CUST00268,West,Tablet,Free,1285,46.82,9,176.14,0,166,7.6,0
CUST00269,South,Desktop,Premium,578,51.94,3,25.18,2,353,14.6,0
CUST00270,North,Tablet,Basic,711,53.05,6,214.83,2,334,12.2,0
CUST00271,West,Tablet,Basic,71,15.9,5,245.57,1,144,13.4,0
CUST00272,North,Mobile,Premium,1471,139.37,6,86.9,1,264,7.1,0
CUST00273,East,Mobile,Basic,14,21.86,4,78.42,0,101,4.2,1
CUST00274,Central,Mobile,Basic,551,37.26,8,,3,310,7.7,1
CUST00275,West,Desktop,Basic,785,104.01,4,,1,218,13.6,0
CUST00276,South,Desktop,Free,1378,22.59,7,166.95,0,209,13.6,0
CUST00277,North,Tablet,Enterprise,664,283.85,5,121.06,0,332,7.9,0
CUST00278,East,Mobile,Free,1333,85.61,3,,0,80,11.6,0
CUST00279,North,Mobile,Enterprise,1449,150.12,8,102.18,0,33,,0
CUST00280,West,Mobile,Free,379,49.48,5,132.74,1,249,8.5,1
CUST00281,South,Mobile,Premium,470,166.4,5,87.28,3,299,7.4,1
CUST00282,North,Mobile,Basic,1186,45.21,6,197.87,2,14,2.7,0
CUST00283,South,Tablet,Free,813,242.92,2,164.1,0,250,12.8,0
CUST00284,South,Mobile,Enterprise,1391,188.45,4,232.74,1,46,5.9,0
CUST00285,North,Mobile,Premium,446,37.29,8,129.71,0,303,9.9,1
CUST00286,East,Mobile,Premium,498,40.53,7,56.72,1,192,4.8,1
CUST00287,North,Mobile,Basic,889,107.25,2,,3,141,11.5,1
CUST00288,North,Mobile,Basic,1410,45.67,9,114.18,1,225,17.7,0
CUST00289,South,Mobile,Basic,963,,5,244.75,0,3,5.9,0
CUST00290,North,Mobile,Enterprise,606,125.26,3,119.04,1,27,11.3,1
CUST00291,North,Tablet,Free,1011,83.65,6,71.15,1,74,,1
CUST00292,South,Mobile,Free,186,274.68,6,78.27,0,305,3.7,0
CUST00293,North,Mobile,Premium,838,149.45,2,,1,252,15.9,0
CUST00294,North,Mobile,Basic,807,54.01,3,155.52,0,174,3.5,0
CUST00295,North,Mobile,Premium,298,110.11,2,207.5,1,74,4.7,0
CUST00296,East,Mobile,Enterprise,1492,61.93,6,176.24,2,80,3.0,0
CUST00297,South,Mobile,Free,679,121.8,9,123.01,1,304,5.5,0
CUST00298,North,Mobile,Basic,1209,,4,56.3,1,329,5.9,1
CUST00299,East,Mobile,Free,500,91.45,4,126.32,2,177,7.0,1
CUST00300,North,Desktop,Free,681,29.33,6,140.56,0,188,,1
CUST00301,West,Tablet,Premium,1271,124.85,2,174.42,0,221,5.2,0
CUST00302,South,Mobile,Basic,874,192.26,6,,1,131,9.6,0
CUST00303,South,Desktop,Basic,1042,25.11,6,90.53,2,175,,1
CUST00304,North,Mobile,Free,267,51.33,4,129.16,1,63,10.5,1
CUST00305,North,Desktop,Free,493,5.0,3,180.46,2,85,10.2,1
CUST00306,North,Mobile,Free,245,128.07,3,90.49,0,336,10.9,1
CUST00307,South,Mobile,Basic,143,10.32,6,175.88,1,135,10.1,0
CUST00308,South,Desktop,Free,705,85.87,3,107.63,1,10,12.4,1
CUST00309,North,Mobile,Basic,1200,131.36,3,124.12,4,41,6.8,0
CUST00310,South,Desktop,Basic,1284,77.76,6,110.92,2,99,9.6,1
CUST00311,North,Mobile,Free,59,22.3,2,144.88,0,106,9.3,1
CUST00312,East,Mobile,Premium,628,37.48,6,233.18,1,96,11.8,1
CUST00313,West,Mobile,Basic,1006,8.99,9,46.02,1,347,3.2,1
CUST00314,East,Tablet,Free,559,202.83,6,194.23,2,283,6.4,1
CUST00315,Central,Mobile,Premium,1249,32.07,8,,1,138,9.8,1
CUST00316,South,Desktop,Premium,580,152.34,6,,0,202,6.2,0
CUST00317,North,Mobile,Free,402,360.43,6,236.42,2,116,4.7,1
CUST00318,Central,Mobile,Basic,890,58.51,3,85.13,2,192,3.9,0
CUST00319,West,Desktop,Basic,1036,72.78,3,44.36,0,240,9.9,1
CUST00320,West,Mobile,Free,512,37.43,4,44.14,2,352,8.4,1
CUST00321,North,Desktop,Free,1203,101.13,3,77.04,3,111,15.1,1
CUST00322,South,Mobile,Free,873,149.87,7,141.67,0,336,10.1,1
CUST00323,North,Desktop,Free,245,353.16,5,149.5,1,210,4.4,0
CUST00324,South,Mobile,Free,1204,178.77,5,188.33,0,320,7.0,0
CUST00325,East,Mobile,Basic,890,156.78,5,88.22,2,229,,0
CUST00326,East,Desktop,Premium,674,10.5,3,95.34,1,17,11.3,0
CUST00327,East,Mobile,Basic,1080,129.74,3,214.59,0,317,18.7,0
CUST00328,North,Mobile,Enterprise,791,117.75,10,37.41,1,72,3.1,1
CUST00329,North,Mobile,Basic,519,184.43,7,146.65,1,171,6.7,0
CUST00330,South,Mobile,Free,618,23.11,9,25.24,1,234,6.0,1
CUST00331,East,Mobile,Free,931,43.85,6,166.24,2,330,10.5,0
CUST00332,North,Desktop,Basic,424,14.08,3,151.65,3,50,10.2,1
CUST00333,North,Mobile,Basic,1234,65.53,5,66.58,3,12,1.7,0
CUST00334,North,Desktop,Basic,523,178.79,2,72.74,0,113,14.1,0
CUST00335,North,Mobile,Free,535,167.09,5,119.48,1,42,6.6,1
CUST00336,South,Mobile,Basic,679,88.35,4,213.22,0,127,5.8,1
CUST00337,South,Desktop,Basic,162,129.11,6,5.47,3,157,9.7,1
CUST00338,West,Mobile,Basic,123,,8,164.05,1,32,9.4,0
CUST00339,North,Mobile,Premium,394,107.9,4,80.36,2,7,9.7,0
CUST00340,South,Mobile,Premium,685,3.13,4,49.05,2,37,3.6,0
CUST00341,North,Tablet,Free,625,26.23,1,176.3,2,304,7.3,1
CUST00342,North,Mobile,Free,1087,351.16,2,119.56,0,308,5.1,0
CUST00343,West,Mobile,Premium,430,327.95,4,106.41,4,54,7.1,0
CUST00344,East,Mobile,Free,1066,14.08,6,172.84,1,247,8.9,1
CUST00345,North,Mobile,Free,1081,252.01,2,87.43,0,275,6.8,1
CUST00346,East,Mobile,Basic,814,,5,89.59,1,44,3.8,0
CUST00347,South,Mobile,Free,489,58.77,14,211.44,2,336,13.1,1
CUST00348,North,Desktop,Premium,976,65.98,5,154.73,0,226,3.3,0
CUST00349,Central,Mobile,Free,551,48.62,9,5.0,1,206,10.9,1
CUST00350,North,Desktop,Free,1088,4.84,4,27.49,1,353,6.0,0
CUST00351,North,Mobile,Premium,83,191.39,6,8156.79770830362,3,82,4.8,1
CUST00352,West,Desktop,Free,488,97.68,7,45.18,2,310,6.3,1
CUST00353,East,Desktop,Premium,356,,3,186.58,1,287,2.4,0
CUST00354,North,Desktop,Basic,209,77.5,4,181.17,0,287,16.9,0
CUST00355,East,Mobile,Free,729,179.89,4,128.01,2,250,8.6,1
CUST00356,South,Mobile,Basic,355,8.0,4,87.7,0,236,10.7,1
CUST00357,West,Mobile,Free,147,73.28,2,55.52,2,210,13.2,1
CUST00358,East,Mobile,Free,774,,10,138.62,0,220,4.0,1
CUST00359,East,Mobile,Basic,613,40.73,5,172.61,3,153,9.3,0
CUST00360,South,Mobile,Free,919,119.32,8,40.34,3,120,11.9,0
CUST00361,North,Tablet,Free,821,147.6,5,180.82,1,353,,1
CUST00362,South,Desktop,Premium,987,127.53,1,38.49,2,290,1.0,1
CUST00363,North,Mobile,Basic,975,4.95,10,159.61,2,334,7.5,1
CUST00364,South,Desktop,Free,528,124.19,5,137.77,2,255,7.4,1
CUST00365,South,Mobile,Basic,1047,8.95,3,150.77,2,264,,0
CUST00366,West,Mobile,Basic,1342,62.87,3,69.38,2,317,13.6,1
CUST00367,North,Mobile,Premium,1415,38.74,4,,1,55,1.0,0
CUST00368,North,Desktop,Free,293,,6,175.12,2,287,7.2,1
CUST00369,South,Mobile,Basic,1335,18772.338118625994,4,60.69,1,165,,1
CUST00370,North,Desktop,Free,1184,64.63,6,150.92,1,73,6.0,0
CUST00371,East,Mobile,Premium,1314,119.02,9,162.95,2,73,1.0,0
CUST00372,North,Desktop,Free,335,60.8,7,81.57,1,76,3.2,0
CUST00373,North,Mobile,Free,785,42.93,2,5.0,1,107,11.8,0
CUST00374,East,Mobile,Free,133,39.98,1,136.79,1,103,8.0,1
CUST00375,East,Mobile,Free,1013,31.21,6,42.28,1,162,1.7,1
CUST00376,East,Desktop,Basic,1152,34.9,7,91.67,1,2,6.0,0
CUST00377,South,Mobile,Free,1153,43.92,3,,1,41,15.6,0
CUST00378,South,Desktop,Premium,1448,16.17,6,9446.67649130294,2,60,5.9,0
CUST00379,Central,Mobile,Free,1106,52.55,8,138.68,2,30,4.4,0
CUST00380,East,Mobile,Premium,1019,46.05,3,71.42,2,231,8.3,0
CUST00381,West,Mobile,Premium,416,105.36,5,160.97,1,122,1.0,0
CUST00382,North,Desktop,Free,401,,3,115.48,2,133,1.4,1
CUST00383,East,Desktop,Basic,1304,51.07,5,171.95,1,325,5.0,1
CUST00384,East,Mobile,Premium,1365,20.5,5,153.76,0,33,17.1,0
CUST00385,North,Mobile,Basic,1260,102.65,5,237.16,0,84,7.4,0
CUST00386,Central,Mobile,Basic,789,194.91,3,75.82,3,29,10.0,0
CUST00387,Central,Mobile,Free,221,23.62,3,147.03,1,240,12.1,1
CUST00388,North,Mobile,Enterprise,1441,25.82,8,127.78,0,183,9.8,0
CUST00389,North,Mobile,Basic,1027,112.81,8,49.2,0,307,12.7,0
CUST00390,North,Desktop,Free,328,69.83,3,141.25,0,78,14.5,0
CUST00391,South,Mobile,Premium,100,78.87,2,228.26,0,5,10.6,1
CUST00392,West,Mobile,Free,217,158.3,4,235.65,1,302,10.6,1
CUST00393,East,Mobile,Premium,28,286.57,2,114.41,4,118,7.0,1
CUST00394,North,Mobile,Free,746,129.42,8,94.23,1,163,1.0,0
CUST00395,Central,Mobile,Free,248,63.06,4,99.96,1,313,4.9,0
CUST00396,North,Mobile,Enterprise,1330,60.05,3,178.38,1,157,6.3,0
CUST00397,South,Mobile,Enterprise,1275,48.44,7,210.05,0,216,11.7,0
CUST00398,South,Mobile,Free,163,33.14,5,78.68,1,230,4.9,1
CUST00399,South,Mobile,Enterprise,949,211.79,5,129.08,3,109,6.8,0
CUST00400,South,Mobile,Premium,323,77.2,4,109.77,0,188,7.7,1
CUST00401,East,Mobile,Enterprise,659,21.9,2,146.04,0,150,2.9,0
CUST00402,West,Mobile,Basic,1278,42.59,4,125.02,1,204,11.4,1
CUST00403,Central,Desktop,Enterprise,490,98.46,6,71.52,0,94,3.5,1
CUST00404,West,Mobile,Basic,804,21.48,3,122.15,1,141,3.7,1
CUST00405,West,Desktop,Free,1196,53.03,5,62.04,2,195,5.7,1
CUST00406,North,Desktop,Free,1332,10.69,6,136.54,0,149,7.3,1
CUST00407,North,Desktop,Premium,1062,26.53,0,66.22,1,333,7.6,0
CUST00408,West,Desktop,Premium,1354,57.58,2,143.83,2,179,12.3,1
CUST00409,Central,Tablet,Free,286,47.65,6,58.52,2,85,12.3,0
CUST00410,South,Desktop,Premium,648,22.79,4,73.96,1,247,14.8,0
CUST00411,North,Mobile,Free,207,2.29,6,272.11,0,118,8.7,0
CUST00412,North,Tablet,Basic,961,132.24,6,116.1,0,320,13.9,0
CUST00413,East,Desktop,Free,337,105.75,7,133.21,3,110,17.2,0
CUST00414,East,Mobile,Basic,605,97.07,7,145.52,1,101,4.4,0
CUST00415,East,Mobile,Free,903,38.26,7,152.88,0,335,7.0,0
CUST00416,South,Desktop,Free,971,19.97,5,148.17,3,176,6.5,0
CUST00417,East,Mobile,Free,1488,93.42,5,53.6,0,145,5.4,1
CUST00418,West,Mobile,Free,313,137.28,1,90.46,2,296,3.0,1
CUST00419,North,Mobile,Premium,628,18.23,4,114.69,0,6,8.3,0
CUST00420,North,Mobile,Basic,26,67.72,5,219.44,1,69,5.9,1
CUST00421,West,Desktop,Premium,269,84.42,2,207.52,2,6,11.1,1
CUST00422,North,Mobile,Free,687,45.59,4,,2,42,3.7,0
CUST00423,Central,Mobile,Premium,861,17.81,5,148.07,0,215,6.2,0
CUST00424,East,Mobile,Premium,422,99.6,4,65.29,0,186,7.0,0
CUST00425,South,Mobile,Basic,707,0.36,5,226.22,3,30,3.8,0
CUST00426,North,Desktop,Premium,1056,34.74,2,60.67,1,80,15.2,1
CUST00427,East,Mobile,Enterprise,504,70.37,3,126.19,2,153,3.8,1
CUST00428,South,Desktop,Premium,213,31.51,2,106.79,0,350,2.9,1
CUST00429,South,Mobile,Basic,595,,5,137.86,2,60,9.9,1
CUST00430,Central,Mobile,Basic,359,238.97,2,98.0,1,177,9.4,0
CUST00431,South,Desktop,Free,1375,63.06,7,96.23,0,132,,0
CUST00432,South,Mobile,Basic,145,1.98,6,141.47,0,278,11.9,0
CUST00433,North,Mobile,Premium,1175,45.41,8,133.67,0,320,9.5,1
CUST00434,East,Desktop,Free,1070,25.48,10,158.88,2,0,5.4,0
CUST00435,Central,Tablet,Free,862,,0,178.72,2,83,2.6,1
CUST00436,South,Mobile,Premium,1416,61.17,2,,1,60,3.5,1
CUST00437,West,Mobile,Free,128,50.65,8,75.2,1,87,3.5,1
CUST00438,West,Mobile,Basic,467,60.74,5,108.52,0,348,9.5,1
CUST00439,Central,Desktop,Basic,753,78.95,9,5.0,1,275,6.8,1
CUST00440,North,Desktop,Free,1370,67.61,2,197.87,0,121,17.6,1
CUST00441,North,Tablet,Free,805,181.8,6,15.82,0,246,1.0,1
CUST00442,North,Mobile,Free,505,132.57,5,234.47,1,14,14.6,0
CUST00443,North,Mobile,Basic,400,147.51,3,112.44,2,196,11.8,0
CUST00444,North,Mobile,Premium,1145,78.36,10,165.74,0,270,9.0,1
CUST00445,South,Tablet,Premium,432,35.92,2,158.06,0,276,6.9,0
CUST00446,East,Desktop,Free,1462,,7,96.52,2,136,6.9,1
CUST00447,East,Mobile,Basic,1389,0.43,0,,0,209,,1
CUST00448,West,Desktop,Basic,266,37.12,5,117.35,2,316,9.6,1
CUST00449,East,Mobile,Free,885,283.49,4,61.71,2,282,10.6,1
CUST00450,West,Desktop,Free,178,29.73,8,,1,67,9.0,0
CUST00451,North,Mobile,Basic,258,8881.446318486654,5,73.31,1,110,,1
CUST00452,North,Mobile,Free,364,22.36,5,,1,171,10.1,1
CUST00453,North,Desktop,Basic,62,162.12,6,149.26,2,87,5.4,0
CUST00454,West,Mobile,Enterprise,28,87.01,6,108.37,1,330,9.5,1
CUST00455,North,Mobile,Free,836,35.01,2,134.91,1,8,10.2,0
CUST00456,North,Mobile,Basic,924,60.82,2,50.28,1,0,1.0,0
CUST00457,North,Mobile,Premium,494,149.8,5,133.9,3,74,8.4,0
CUST00458,South,Desktop,Free,1483,,7,90.3,0,54,5.7,1
CUST00459,North,Mobile,Free,463,143.71,7,220.64,2,16,3.2,1
CUST00460,East,Desktop,Free,426,12.11,3,80.39,0,237,6.8,1
CUST00461,North,Mobile,Enterprise,500,21.08,2,106.27,0,32,9.2,0
CUST00462,East,Desktop,Premium,417,7.38,4,126.34,0,214,8.9,0
CUST00463,West,Mobile,Basic,1317,359.61,2,62.77,1,161,3.6,0
CUST00464,South,Desktop,Premium,1092,134.25,4,11.23,0,18,7.3,0
CUST00465,North,Mobile,Basic,549,342.63,3,192.6,3,203,13.9,1
CUST00466,North,Mobile,Basic,142,127.57,8,142.24,2,340,9.8,0
CUST00467,North,Mobile,Free,1093,28.51,9,86.74,2,237,2.3,0
CUST00468,West,Desktop,Premium,424,208.44,3,16.89,2,216,7.1,1
CUST00469,North,Mobile,Free,223,,6,125.87,3,273,4.0,1
CUST00470,Central,Desktop,Free,343,252.24,6,34.82,0,66,9.6,1
CUST00471,South,Desktop,Free,752,104.04,6,,1,119,13.1,0
CUST00472,West,Mobile,Free,290,58.64,6,144.16,2,287,5.8,1
CUST00473,South,Tablet,Free,282,73.01,5,72.79,0,308,5.9,0
CUST00474,Central,Mobile,Basic,1176,13.02,1,135.54,1,84,11.9,0
CUST00475,South,Desktop,Basic,1436,3.56,9,9723.78666898784,0,77,4.9,0
CUST00476,North,Desktop,Basic,467,2.9,1,152.0,1,148,10.1,0
CUST00477,West,Mobile,Free,315,26.14,2,39.0,3,30,5.3,0
CUST00478,East,Mobile,Free,291,71.79,3,,1,224,3.5,0
CUST00479,East,Tablet,Free,71,64.28,6,111.24,1,2,8.8,0
CUST00480,North,Desktop,Free,767,15.55,6,56.15,2,276,8.8,1
CUST00481,North,Desktop,Free,508,95.16,7,27.56,0,269,9.6,1
CUST00482,North,Mobile,Basic,132,0.6,5,106.99,3,41,8.5,1
CUST00483,South,Desktop,Free,724,332.72,7,205.31,2,800,13.7,1
CUST00484,North,Desktop,Enterprise,1383,150.57,5,81.79,1,199,1.3,1
CUST00485,East,Mobile,Premium,1494,150.16,7,115.68,2,112,9.0,0
CUST00486,South,Mobile,Free,226,101.68,4,148.32,2,337,7.2,0
CUST00487,East,Desktop,Basic,797,554.15,5,186.08,1,168,11.4,1
CUST00488,East,Desktop,Premium,1103,,5,104.79,1,272,2.8,1
CUST00489,Central,Mobile,Free,37,50.61,5,215.7,0,245,4.5,1
CUST00490,South,Mobile,Basic,922,34.29,7,110.39,1,342,14.0,0
CUST00491,North,Mobile,Basic,1168,19.23,4,158.5,2,183,4.7,0
CUST00492,West,Mobile,Free,417,76.64,3,243.2,0,62,10.9,0
CUST00493,North,Desktop,Free,655,2.93,4,96.61,0,285,7.1,1
CUST00494,South,Mobile,Free,869,239.34,2,133.12,0,354,8.1,1
CUST00495,South,Mobile,Free,1435,113.7,4,165.65,1,82,18.6,0
CUST00496,North,Tablet,Free,831,149.03,4,81.94,0,160,1.0,0
CUST00497,Central,Mobile,Free,1103,122.51,5,290.21,0,94,14.1,1
CUST00498,West,Mobile,Free,272,24.23,1,88.56,1,255,10.8,1
CUST00499,East,Mobile,Basic,242,112.98,8,111.24,0,298,9.5,1
CUST00500,East,Mobile,Basic,-1,4.51,7,162.62,1,230,8.8,0
CUST00501,South,Desktop,Premium,1386,74.12,4,205.4,1,15,10.5,0
CUST00502,North,Mobile,Free,515,20.26,3,139.15,0,241,6.5,0
CUST00503,North,Mobile,Enterprise,874,,4,173.86,1,32,12.2,0
CUST00504,East,Mobile,Premium,684,99.95,9,146.99,3,44,5.4,0
CUST00505,North,Desktop,Basic,809,66.61,1,110.9,2,254,8.6,0
CUST00506,South,Desktop,Premium,162,36.51,7,130.31,0,87,6.1,0
CUST00507,West,Mobile,Free,131,94.76,6,17.77,2,354,11.3,0
CUST00508,East,Mobile,Premium,584,39.58,5,219.55,1,261,10.8,1
CUST00509,North,Mobile,Basic,323,8.64,3,24.75,1,171,4.9,0
CUST00510,North,Mobile,Free,256,133.47,4,122.73,5,266,12.4,0
CUST00511,North,Mobile,Free,157,36.74,6,104.61,2,201,10.7,1
CUST00512,North,Mobile,Premium,844,72.95,4,158.45,0,160,5.9,0
CUST00513,South,Mobile,Basic,870,235.85,4,90.31,2,168,11.9,1
CUST00514,North,Mobile,Basic,1317,202.25,6,76.11,2,165,9.2,0
CUST00515,North,Mobile,Premium,741,13.21,6,111.35,0,104,2.6,0
CUST00516,North,Tablet,Free,292,70.26,5,81.56,3,232,6.4,0
CUST00517,South,Desktop,Free,5,6.1,3,114.91,0,175,9.9,0
CUST00518,South,Mobile,Enterprise,113,,6,149.18,0,160,1.6,0
CUST00519,North,Mobile,Premium,465,,3,179.37,0,100,8.7,1
CUST00520,East,Tablet,Free,2,58.82,2,179.43,2,134,16.1,1
CUST00521,North,Mobile,Free,1379,48.93,4,46.84,0,26,8.0,1
CUST00522,North,Desktop,Free,1365,31.19,2,143.74,0,154,8.0,1
CUST00523,Central,Tablet,Premium,135,192.27,9,61.12,1,344,4.8,0
CUST00524,South,Mobile,Free,726,1.49,4,83.11,1,166,5.6,1
CUST00525,North,Mobile,Free,348,110.49,5,248.42,1,180,,1
CUST00526,North,Mobile,Free,455,9.98,6,150.14,1,256,5.0,0
CUST00527,Central,Desktop,Free,315,2.23,4,243.34,2,118,2.3,1
CUST00528,South,Desktop,Enterprise,98,27.7,5,197.43,1,19,7.0,0
CUST00529,South,Desktop,Free,291,35.24,4,,3,184,6.7,1
CUST00530,North,Mobile,Free,1476,73.06,5,165.22,3,36,14.3,0
CUST00531,North,Mobile,Free,1490,27.85,6,71.29,1,156,14.0,1
CUST00532,East,Mobile,Free,882,3.46,6,98.34,1,200,13.2,1
CUST00533,East,Mobile,Basic,70,20.1,9,225.05,2,312,8.6,0
CUST00534,South,Desktop,Free,272,10.09,4,99.84,1,120,4.6,0
CUST00535,North,Desktop,Basic,694,132.68,4,140.28,2,265,15.0,1
CUST00536,South,Mobile,Premium,74,110.01,8,288.73,0,70,6.9,0
CUST00537,South,Mobile,Free,361,105.31,3,200.38,1,339,11.2,1
CUST00538,East,Mobile,Basic,28,85.63,7,185.37,0,186,7.3,0
CUST00539,West,Mobile,Premium,461,5.47,6,116.67,3,167,12.8,0
CUST00540,South,Mobile,Free,1361,78.44,9,139.48,0,8,8.0,1
CUST00541,South,Mobile,Basic,611,64.35,8,53.26,0,336,13.4,0
CUST00542,East,Desktop,Free,1235,130.88,3,47.82,2,72,1.0,1
CUST00543,Central,Desktop,Free,1007,4.99,7,78.54,3,310,9.8,1
CUST00544,North,Desktop,Basic,753,2.24,6,144.26,1,222,12.6,1
CUST00545,East,Desktop,Free,1444,107.49,4,83.1,0,150,5.1,0
CUST00546,East,Mobile,Basic,301,38.77,2,39.83,0,296,5.0,1
CUST00547,West,Mobile,Free,172,108.26,4,162.12,2,241,3.4,0
CUST00548,North,Mobile,Basic,1095,41.77,5,5.0,0,2,9.3,0
CUST00549,South,Mobile,Basic,895,75.4,3,80.04,3,294,11.4,0
CUST00550,South,Desktop,Basic,191,29.18,4,202.32,1,294,6.8,0
CUST00551,East,Desktop,Free,231,32.78,5,120.99,4,140,,1
CUST00552,East,Desktop,Basic,944,38.75,5,61.28,2,99,10.4,0
CUST00553,West,Mobile,Basic,114,189.48,6,123.59,0,147,11.6,0
CUST00554,West,Mobile,Basic,292,8.38,5,8694.143446781505,0,223,7.5,1
CUST00555,North,Desktop,Free,520,67.9,3,,0,134,5.3,1
CUST00556,South,Mobile,Enterprise,610,102.2,3,155.57,3,84,7.1,0
CUST00557,North,Desktop,Basic,951,109.67,3,143.94,2,151,2.2,1
CUST00558,West,Tablet,Free,1074,7.41,4,62.95,2,187,1.0,0
CUST00559,North,Mobile,Basic,1086,100.47,2,77.22,1,39,12.0,1
CUST00560,West,Desktop,Premium,1045,5.39,2,92.99,0,347,8.8,1
CUST00561,West,Mobile,Free,720,66.81,6,70.1,0,56,8.0,0
CUST00562,South,Mobile,Basic,375,10.1,6,113.37,3,354,1.0,1
CUST00563,East,Tablet,Basic,1480,,6,141.13,0,229,6.0,1
CUST00564,Central,Mobile,Basic,528,172.06,3,124.18,2,94,15.5,0
CUST00565,South,Mobile,Free,1266,286.84,6,43.78,1,256,12.6,1
CUST00566,South,Mobile,Basic,1162,34.76,2,,1,80,11.8,0
CUST00567,East,Mobile,Free,1242,56.61,2,229.82,1,251,10.0,1
CUST00568,East,Mobile,Free,1373,298.84,9,127.48,0,127,5.8,0
CUST00569,Central,Desktop,Enterprise,216,265.03,3,167.29,0,171,,0
CUST00570,South,Desktop,Premium,1443,9.99,8,,1,165,6.7,0
CUST00571,East,Mobile,Free,652,175.67,7,124.16,0,199,1.0,1
CUST00572,West,Mobile,Premium,613,42.12,8,9.44,1,178,5.2,1
CUST00573,South,Mobile,Free,80,14.33,4,214.46,3,67,1.0,1
CUST00574,North,Desktop,Free,1189,59.46,5,160.58,2,334,1.0,1
CUST00575,North,Mobile,Free,602,119.63,3,170.55,1,296,12.4,0
CUST00576,East,Tablet,Free,1205,150.88,3,82.57,2,144,11.0,1
CUST00577,West,Desktop,Free,484,,7,82.19,2,87,11.2,0
CUST00578,East,Mobile,Premium,575,72.91,6,83.5,0,245,9.1,1
CUST00579,East,Tablet,Free,198,,3,,1,260,7.8,1
CUST00580,West,Mobile,Basic,264,73.58,5,156.59,2,67,13.8,0
CUST00581,North,Mobile,Free,915,197.68,5,126.63,5,338,7.1,1
CUST00582,North,Mobile,Free,633,76.26,10,51.12,0,154,,1
CUST00583,North,Desktop,Premium,90,77.05,10,154.71,0,204,4.6,0
CUST00584,South,Desktop,Free,532,245.98,6,211.93,0,103,12.8,1
CUST00585,South,Mobile,Free,947,47.62,4,164.66,2,45,10.3,0
CUST00586,North,Desktop,Basic,806,33.04,4,125.65,1,250,10.5,0
CUST00587,Central,Tablet,Free,235,,7,37.23,2,347,12.7,1
CUST00588,Central,Mobile,Basic,1389,59.11,4,52.58,1,270,,0
CUST00589,North,Mobile,Premium,1367,0.87,6,181.51,1,196,9.0,0
CUST00590,North,Mobile,Basic,1458,23.8,6,98.87,2,22,3.9,0
CUST00591,East,Desktop,Basic,716,11.86,7,145.1,0,48,9.6,0
CUST00592,North,Mobile,Basic,515,43.9,3,159.41,2,235,10.3,1
CUST00593,West,Mobile,Free,654,117.86,7,9588.430795964523,3,188,9.6,1
CUST00594,Central,Mobile,Basic,1268,5810.320484081044,4,43.42,2,149,5.4,0
CUST00595,South,Desktop,Premium,257,28.35,4,22.73,0,187,11.7,1
CUST00596,North,Tablet,Free,285,22.46,4,178.92,0,126,8.2,1
CUST00597,South,Desktop,Premium,1052,86.79,4,210.27,2,292,7.1,0
CUST00598,Central,Tablet,Free,506,197.07,4,96.39,0,89,2.2,0
CUST00599,East,Mobile,Free,500,8.56,9,,2,362,10.9,0
CUST00600,North,Mobile,Enterprise,274,17.37,4,144.23,2,315,4.1,1
CUST00601,Central,Desktop,Free,1218,477.01,6,141.51,1,257,12.8,1
CUST00602,North,Mobile,Free,228,154.27,8,10.75,1,68,7.4,1
CUST00603,North,Mobile,Free,344,4.2,5,248.25,3,253,11.6,1
CUST00604,South,Mobile,Free,1090,116.52,4,144.81,1,34,10.7,0
CUST00605,East,Desktop,Basic,347,176.63,5,79.86,0,165,10.2,0
CUST00606,North,Mobile,Basic,1345,2.03,9,,1,344,6.0,0
CUST00607,North,Mobile,Free,281,14.25,3,58.74,3,181,8.3,0
CUST00608,North,Mobile,Free,1057,114.73,1,5.0,0,104,3.6,1
CUST00609,South,Desktop,Premium,980,28.76,8,127.1,2,250,5.5,0
CUST00610,South,Mobile,Free,543,24.95,6,112.8,2,91,7.4,0
CUST00611,East,Mobile,Free,152,56.27,5,117.17,1,178,7.3,0
CUST00612,West,Mobile,Free,615,15.72,6,141.4,1,321,6.8,1
CUST00613,North,Desktop,Basic,487,51.48,8,152.16,1,163,9.8,1
CUST00614,South,Mobile,Premium,1199,26.02,1,,1,353,,1
CUST00615,South,Desktop,Free,1291,31.14,7,170.32,4,70,8.3,1
CUST00616,North,Mobile,Basic,1203,22.71,4,,0,356,10.9,0
CUST00617,North,Tablet,Basic,1357,21.97,5,58.97,0,9,,1
CUST00618,North,Mobile,Enterprise,156,4.95,7,,1,272,7.8,1
CUST00619,South,Mobile,Free,304,67.32,11,58.6,1,51,8.1,0
CUST00620,South,Desktop,Free,936,61.35,5,74.36,2,280,7.0,1
CUST00621,West,Mobile,Free,698,43.56,3,180.64,2,257,7.1,1
CUST00622,East,Mobile,Free,1127,402.67,2,105.42,1,191,9.3,0
CUST00623,South,Mobile,Free,272,17.62,7,138.95,1,89,2.1,0
CUST00624,West,Tablet,Free,1009,24.23,6,168.99,2,18,7.8,0
CUST00625,North,Mobile,Enterprise,129,92.07,4,70.12,0,276,1.6,0
CUST00626,North,Tablet,Free,170,5.08,5,106.32,0,5,8.2,0
CUST00627,North,Mobile,Basic,1310,30.06,3,233.15,1,180,7.5,0
CUST00628,East,Mobile,Premium,440,14.9,5,117.57,1,188,1.0,0
CUST00629,North,Mobile,Free,459,37.11,4,75.45,2,210,10.6,1
CUST00630,West,Desktop,Free,206,33.61,3,199.49,1,5,2.5,0
CUST00631,South,Tablet,Enterprise,1431,68.22,3,61.44,0,349,4.9,0
CUST00632,East,Mobile,Free,1361,108.49,7,251.34,2,345,,0
CUST00633,North,Mobile,Free,1208,33.13,3,84.45,1,270,8.4,1
CUST00634,North,Desktop,Basic,686,87.88,3,135.73,2,264,4.1,1
CUST00635,North,Mobile,Premium,244,292.35,4,104.58,0,226,7.6,1
CUST00636,East,Desktop,Premium,153,72.88,1,103.05,0,325,6.9,1
CUST00637,East,Tablet,Enterprise,682,79.99,3,213.16,2,142,8.7,0
CUST00638,East,Desktop,Basic,898,,7,177.35,2,54,11.1,0
CUST00639,Central,Desktop,Enterprise,499,32.04,4,,1,244,9.2,0
CUST00640,South,Mobile,Premium,1434,7.9,7,72.04,2,282,7.0,0
CUST00641,East,Desktop,Free,1357,,7,,1,58,7.6,0
CUST00642,South,Mobile,Basic,1276,156.15,6,161.22,3,60,5.7,0
CUST00643,North,Desktop,Free,1245,179.96,7,77.43,0,156,5.9,0
CUST00644,East,Mobile,Free,604,27.3,5,155.89,4,42,7.1,1
CUST00645,North,Desktop,Free,1037,7.42,1,181.91,0,208,3.1,0
CUST00646,East,Mobile,Free,81,67.71,3,9719.583835615646,3,280,1.0,1
CUST00647,Central,Mobile,Basic,506,9.91,2,102.09,1,143,8.7,0
CUST00648,East,Mobile,Basic,606,64.64,4,260.04,0,217,7.8,0
CUST00649,North,Mobile,Premium,189,19.28,5,114.68,3,86,11.0,1
CUST00650,North,Desktop,Premium,1193,,7,62.8,1,181,7.2,0
CUST00651,West,Desktop,Basic,1289,24.86,4,66.44,1,211,6.6,1
CUST00652,East,Mobile,Free,668,31.71,5,83.6,3,40,9.3,0
CUST00653,Central,Mobile,Enterprise,408,13.02,2,56.21,2,199,6.5,1
CUST00654,East,Mobile,Premium,1428,12108.379470561547,4,66.28,5,146,9.0,0
CUST00655,South,Mobile,Basic,1283,69.41,5,43.48,2,276,4.2,0
CUST00656,North,Desktop,Enterprise,1479,55.74,6,65.27,1,136,9.0,0
CUST00657,South,Mobile,Premium,370,49.38,9,63.66,0,127,8.2,0
CUST00658,North,Mobile,Free,1231,83.65,7,137.94,1,291,5.7,1
CUST00659,Central,Desktop,Basic,594,80.62,3,157.41,0,340,9.6,0
CUST00660,North,Mobile,Premium,555,5.29,5,88.98,2,64,9.0,0
CUST00661,North,Mobile,Enterprise,537,40.56,4,138.95,1,269,1.0,1
CUST00662,North,Desktop,Free,1102,172.5,2,90.69,0,73,9.5,1
CUST00663,North,Desktop,Basic,653,160.48,8,116.76,2,263,12.0,0
CUST00664,North,Desktop,Basic,477,197.38,6,144.62,2,92,1.0,0
CUST00665,North,Mobile,Enterprise,607,35.85,3,147.42,1,156,7.9,1
CUST00666,North,Mobile,Free,634,22.03,2,99.51,1,156,5.5,1
CUST00667,West,Mobile,Free,260,73.38,2,4092.121687043521,1,112,7.8,1
CUST00668,North,Mobile,Free,245,42.48,7,,4,276,8.0,1
CUST00669,North,Mobile,Free,601,51.33,7,147.84,1,31,8.1,0
CUST00670,East,Mobile,Basic,107,41.35,5,5.0,0,-5,11.6,0
CUST00671,South,Tablet,Basic,1476,199.67,5,64.72,1,166,11.7,1
CUST00672,East,Mobile,Free,889,12.43,7,10.12,1,15,3.9,1
CUST00673,South,Tablet,Premium,334,188.75,4,193.38,0,272,,0
CUST00674,North,Mobile,Premium,1485,114.41,2,128.8,1,247,4.4,1
CUST00675,North,Desktop,Free,1004,27.25,4,198.0,3,105,7.3,1
CUST00676,North,Mobile,Basic,100,17.45,5,125.96,0,223,11.9,0
CUST00677,North,Mobile,Basic,1246,140.92,4,30.27,1,249,13.3,0
CUST00678,South,Desktop,Free,960,97.61,0,131.13,1,304,6.0,0
CUST00679,North,Mobile,Premium,1041,19.31,5,190.92,2,322,14.9,1
CUST00680,East,Tablet,Free,432,156.05,2,119.08,0,205,,1
CUST00681,East,Mobile,Basic,1174,82.49,9,290.27,1,191,3.5,1
CUST00682,North,Desktop,Premium,1415,80.57,5,137.65,1,275,,1
CUST00683,South,Mobile,Premium,611,35.81,5,94.37,2,270,5.1,0
CUST00684,West,Mobile,Basic,681,180.14,7,45.19,0,321,12.5,1
CUST00685,North,Mobile,Basic,1174,154.98,5,137.21,2,5,,1
CUST00686,North,Tablet,Free,542,60.22,3,123.21,2,42,12.1,0
CUST00687,South,Mobile,Basic,1285,41.68,3,226.62,0,355,4.3,1
CUST00688,North,Mobile,Basic,840,82.3,2,236.62,1,160,5.6,1
CUST00689,North,Desktop,Free,839,6.12,4,5.0,1,17,,0
CUST00690,North,Desktop,Free,494,14940.27115094304,4,164.73,2,347,7.3,1
CUST00691,East,Tablet,Basic,745,27.52,6,75.08,1,59,13.8,1
CUST00692,North,Tablet,Basic,1242,112.95,9,102.49,2,142,6.9,0
CUST00693,South,Mobile,Free,853,35.72,11,138.48,0,134,,1
CUST00694,Central,Desktop,Premium,574,107.53,4,53.45,1,347,10.6,0
CUST00695,South,Desktop,Enterprise,221,45.04,8,176.72,0,364,10.3,0
CUST00696,North,Desktop,Free,487,126.67,4,75.14,1,196,9.8,0
CUST00697,Central,Mobile,Free,1408,15.8,7,202.32,2,263,,1
CUST00698,South,Mobile,Free,716,54.49,7,191.04,1,355,1.3,1
CUST00699,North,Desktop,Free,1397,42.31,4,67.51,1,800,6.6,1
CUST00700,North,Mobile,Basic,386,80.96,3,,1,170,6.2,1
CUST00701,North,Desktop,Free,589,318.74,5,98.15,3,278,4.5,0
CUST00702,South,Mobile,Basic,819,,8,153.85,1,187,9.9,1
CUST00703,North,Desktop,Basic,761,157.67,4,115.4,1,83,16.4,1
CUST00704,East,Desktop,Free,660,50.92,5,111.42,2,108,9.1,1
CUST00705,East,Tablet,Premium,1001,107.98,7,90.18,0,213,9.2,0
CUST00706,East,Desktop,Free,1132,49.55,4,140.31,0,357,1.0,1
CUST00707,East,Mobile,Enterprise,614,7.56,5,92.15,0,104,12.3,0
CUST00708,North,Mobile,Free,1377,191.3,1,126.0,2,328,9.8,0
CUST00709,South,Mobile,Free,532,230.15,5,119.22,3,322,5.3,0
CUST00710,North,Mobile,Basic,1377,99.54,10,81.23,0,161,1.0,0
CUST00711,West,Mobile,Free,751,27.4,6,139.86,0,41,8.5,1
CUST00712,South,Mobile,Free,881,25.23,7,29.5,1,180,15.5,0
CUST00713,West,Desktop,Free,898,30.36,10,84.43,1,110,10.5,1
CUST00714,North,Tablet,Basic,671,10.09,10,200.31,1,199,3.9,1
CUST00715,East,Desktop,Basic,924,84.15,6,148.32,1,303,8.4,0
CUST00716,West,Tablet,Basic,957,90.17,6,47.57,1,314,8.1,0
CUST00717,North,Mobile,Free,1166,55.65,5,74.88,0,15,1.8,0
CUST00718,North,Tablet,Basic,1058,10.28,6,80.48,3,200,11.0,0
CUST00719,South,Mobile,Free,823,47.24,6,129.65,2,361,3.7,1
CUST00720,North,Mobile,Free,1482,13.15,5,147.55,2,20,5.4,0
CUST00721,East,Desktop,Free,651,29.46,7,191.87,0,303,9.1,1
CUST00722,South,Mobile,Basic,720,265.02,5,108.1,0,299,10.4,1
CUST00723,Central,Desktop,Enterprise,612,86.27,5,116.53,0,6,7.5,0
CUST00724,North,Mobile,Premium,145,88.85,4,164.09,1,179,4.3,1
CUST00725,North,Tablet,Basic,149,164.51,5,5.0,1,304,1.1,1
CUST00726,East,Mobile,Basic,596,7.34,3,173.7,0,256,7.3,0
CUST00727,North,Mobile,Basic,213,17.34,6,100.58,1,258,8.3,0
CUST00728,East,Desktop,Enterprise,1165,28.94,7,138.24,1,334,2.9,0
CUST00729,South,Mobile,Free,713,13.03,6,184.49,1,245,4.3,1
CUST00730,North,Desktop,Free,1153,32.66,6,5.0,3,317,3.4,1
CUST00731,South,Mobile,Basic,536,89.97,3,115.0,2,203,9.0,1
CUST00732,North,Mobile,Free,754,21.1,7,162.49,2,336,5.4,0
CUST00733,North,Tablet,Free,655,31.76,5,43.89,1,144,7.5,0
CUST00734,South,Desktop,Enterprise,529,32.56,9,,1,46,8.9,0
CUST00735,East,Desktop,Free,781,22.72,4,207.35,1,201,13.0,0
CUST00736,North,Mobile,Premium,1219,2.28,3,131.58,2,340,4.1,0
CUST00737,South,Mobile,Basic,785,,11,120.93,1,126,10.1,0
CUST00738,West,Mobile,Basic,37,187.26,1,144.4,1,216,8.9,1
CUST00739,Central,Desktop,Free,785,144.75,6,109.48,2,133,17.3,1
CUST00740,East,Desktop,Free,1133,390.13,5,101.8,1,320,5.7,0
CUST00741,South,Desktop,Premium,225,82.28,8,116.16,0,203,5.0,1
CUST00742,South,Desktop,Premium,418,6.64,6,142.37,2,363,7.9,1
CUST00743,South,Tablet,Free,126,46.95,7,127.83,1,267,,1
CUST00744,East,Mobile,Basic,1441,48.85,4,69.14,1,176,10.2,0
CUST00745,North,Tablet,Enterprise,1095,26.62,1,,2,318,9.5,0
CUST00746,West,Mobile,Premium,1091,64.24,10,82.13,0,95,11.5,0
CUST00747,West,Desktop,Free,289,0.24,9,79.48,3,800,9.3,0
CUST00748,South,Tablet,Free,1481,118.04,2,86.66,0,344,5.3,0
CUST00749,West,Mobile,Basic,703,37.09,2,159.27,5,0,15.5,1
CUST00750,North,Mobile,Free,34,135.43,8,102.22,0,98,4.4,1
CUST00751,West,Mobile,Premium,1265,39.1,7,132.07,0,321,,1
CUST00752,East,Mobile,Basic,1067,27.26,8,73.38,3,264,14.4,1
CUST00753,North,Mobile,Premium,734,320.96,6,80.42,0,364,9.5,0
CUST00754,East,Desktop,Free,711,95.01,4,143.94,2,3,6.6,0
CUST00755,North,Mobile,Basic,910,57.59,5,65.8,0,119,10.9,0
CUST00756,South,Tablet,Free,1441,,1,113.41,2,184,7.7,1
CUST00757,North,Mobile,Premium,352,21.61,5,66.38,1,235,11.4,0
CUST00758,West,Mobile,Premium,1341,10.44,5,75.69,1,271,7.8,0
CUST00759,East,Desktop,Free,90,185.64,9,64.35,0,68,6.3,1
CUST00760,North,Mobile,Premium,8,26.42,8,124.29,0,272,10.2,1
CUST00761,East,Desktop,Basic,857,22.39,6,165.84,0,36,6.8,1
CUST00762,South,Mobile,Free,1098,,4,184.63,1,230,10.1,0
CUST00763,South,Desktop,Free,730,7.33,6,5.0,2,220,1.0,1
CUST00764,North,Desktop,Basic,506,154.6,2,148.46,3,78,1.0,1
CUST00765,East,Tablet,Free,376,105.54,3,76.31,1,46,7.3,0
CUST00766,South,Mobile,Free,1016,,6,149.0,1,191,11.7,1
CUST00767,East,Mobile,Free,1149,35.46,4,44.95,0,254,5.6,1
CUST00768,North,Mobile,Free,80,205.09,6,77.1,3,277,4.8,0
CUST00769,North,Desktop,Basic,1393,39.67,1,100.5,1,105,1.0,0
CUST00770,South,Mobile,Basic,1373,107.99,2,216.23,1,314,17.3,0
CUST00771,South,Desktop,Enterprise,481,26.64,4,13.38,1,12,2.1,0
CUST00772,West,Tablet,Free,1399,60.42,4,61.78,0,296,13.1,1
CUST00773,West,Desktop,Free,1169,47.54,7,54.0,0,177,8.4,1
CUST00774,South,Mobile,Enterprise,42,77.19,9,15.04,0,133,4.8,0
CUST00775,North,Desktop,Premium,1207,,7,98.34,1,165,4.5,1
CUST00776,South,Tablet,Basic,851,143.44,8,78.86,4,163,21.0,1
CUST00777,South,Mobile,Enterprise,1364,35.99,4,177.26,0,107,7.7,0
CUST00778,East,Mobile,Basic,1141,15.78,8,117.05,2,271,1.0,0
CUST00779,South,Desktop,Premium,901,79.63,5,30.21,1,333,9.1,0
CUST00780,South,Mobile,Basic,731,3.29,4,91.83,2,215,6.9,0
CUST00781,South,Mobile,Enterprise,745,107.63,7,34.37,0,34,9.8,0
CUST00782,West,Mobile,Free,1223,24.4,4,3959.014085349672,2,27,,0
CUST00783,East,Mobile,Basic,1410,53.82,8,148.47,1,359,6.6,1
CUST00784,West,Desktop,Basic,-1,133.19,5,5.0,0,156,5.8,1
CUST00785,North,Desktop,Basic,763,159.06,6,58.07,1,25,4.3,1
CUST00786,East,Mobile,Free,251,10424.772036942359,4,146.17,0,11,11.4,1
CUST00787,North,Tablet,Enterprise,318,59.31,5,166.95,1,37,8.1,1
CUST00788,North,Desktop,Premium,664,17.58,4,142.07,2,309,8.8,1
CUST00789,South,Mobile,Free,772,104.94,5,143.42,1,250,8.0,0
CUST00790,Central,Mobile,Premium,99,21.91,4,93.32,1,16,5.7,0
CUST00791,West,Mobile,Premium,1213,0.77,5,56.45,3,108,10.9,1
CUST00792,East,Mobile,Free,290,66.64,5,229.73,0,241,5.8,0
CUST00793,East,Mobile,Free,849,7.65,6,5.0,4,280,7.1,1
CUST00794,North,Mobile,Basic,339,,6,14.73,0,17,9.3,1
CUST00795,South,Mobile,Enterprise,103,101.01,4,27.59,0,205,,0
CUST00796,North,Mobile,Premium,202,22.39,5,220.02,3,303,6.8,0
CUST00797,Central,Mobile,Free,1132,51.19,7,7779.235012824332,1,236,8.8,1
CUST00798,East,Mobile,Free,855,4.65,7,228.31,1,311,9.2,1
CUST00799,South,Mobile,Free,23,57.52,6,94.04,1,337,5.4,1
CUST00800,South,Desktop,Premium,287,15.35,3,,1,198,9.5,0
CUST00801,South,Desktop,Free,1445,96.03,7,94.82,1,351,12.7,0
CUST00802,East,Mobile,Free,165,134.1,2,237.51,1,3,5.5,1
CUST00803,East,Desktop,Free,1154,132.52,4,86.24,0,270,2.7,1
CUST00804,South,Mobile,Free,471,17.77,5,219.62,2,15,5.3,0
CUST00805,North,Mobile,Premium,865,64.22,7,154.43,1,152,12.7,1
CUST00806,North,Desktop,Basic,332,31.32,5,142.7,2,185,14.6,1
CUST00807,South,Mobile,Free,430,35.91,4,179.56,0,280,9.4,1
CUST00808,North,Mobile,Basic,973,28.83,2,213.18,1,247,8.7,1
CUST00809,North,Mobile,Basic,72,77.57,7,94.22,2,196,9.1,0
CUST00810,Central,Desktop,Free,972,54.94,8,91.82,1,252,11.8,1
CUST00811,South,Mobile,Basic,410,122.31,5,58.41,1,227,4.3,0
CUST00812,East,Desktop,Premium,997,1.03,2,83.78,1,184,,0
CUST00813,Central,Mobile,Basic,1082,8.32,6,193.72,1,245,14.3,0
CUST00814,South,Mobile,Basic,360,78.86,10,14.99,0,147,11.6,0
CUST00815,North,Mobile,Basic,851,4.22,9,191.54,4,272,10.6,0
CUST00816,Central,Desktop,Basic,14,64.77,5,146.57,0,6,1.5,1
CUST00817,West,Mobile,Basic,1040,13.95,4,98.45,0,800,11.8,1
CUST00818,East,Tablet,Premium,922,89.69,2,157.72,2,244,6.9,0
CUST00819,West,Mobile,Free,850,13.27,8,155.6,0,172,11.4,1
CUST00820,South,Desktop,Basic,397,2.51,4,174.71,0,189,14.3,0
CUST00821,West,Mobile,Free,983,1.03,3,,1,191,8.6,0
CUST00822,West,Mobile,Enterprise,1063,19.82,6,300.33,0,195,6.1,0
CUST00823,South,Mobile,Free,225,0.57,7,135.43,0,118,6.1,0
CUST00824,North,Mobile,Basic,1332,60.54,6,84.78,3,98,7.5,0
CUST00825,North,Desktop,Basic,977,83.88,2,175.3,1,59,5.8,1
CUST00826,South,Mobile,Free,441,72.83,3,6395.0157761754435,3,284,8.7,1
CUST00827,Central,Mobile,Premium,1260,13.33,5,130.0,3,169,11.6,1
CUST00828,North,Desktop,Basic,63,19.78,0,161.88,3,229,6.8,0
CUST00829,Central,Mobile,Free,1261,83.49,9,214.51,2,23,11.7,0
CUST00830,North,Mobile,Basic,1281,143.89,5,76.47,3,266,4.7,0
CUST00831,Central,Mobile,Free,693,89.85,5,103.56,1,8,4.9,0
CUST00832,North,Mobile,Free,898,33.78,5,183.05,2,291,7.3,1
CUST00833,South,Desktop,Free,1398,43.37,2,14.96,0,38,5.1,0
CUST00834,North,Mobile,Premium,960,72.08,6,93.17,0,272,14.2,1
CUST00835,South,Desktop,Free,1184,139.76,2,112.93,1,177,11.0,1
CUST00836,East,Desktop,Free,1266,195.31,5,194.76,2,17,11.8,0
CUST00837,South,Mobile,Basic,1198,49.2,3,172.32,2,118,4.8,0
CUST00838,East,Tablet,Basic,660,,4,236.88,2,125,11.5,1
CUST00839,South,Mobile,Free,1409,8.0,5,11.23,0,335,5.0,1
CUST00840,East,Mobile,Basic,1495,79.22,5,98.94,2,46,1.7,0
CUST00841,South,Mobile,Free,134,,6,156.1,1,183,6.9,0
CUST00842,South,Desktop,Free,1091,186.65,8,59.47,2,79,13.5,0
CUST00843,West,Mobile,Premium,783,67.2,3,111.27,0,93,15.0,0
CUST00844,North,Mobile,Basic,799,9.88,8,9.23,2,10,14.0,1
CUST00845,East,Tablet,Free,1378,3.41,2,127.84,0,239,,0
CUST00846,East,Mobile,Free,54,98.53,4,167.42,0,263,8.0,0
CUST00847,North,Desktop,Basic,622,,4,148.08,2,171,5.4,1
CUST00848,North,Desktop,Basic,571,46.02,8,159.16,1,92,8.9,1
CUST00849,East,Desktop,Free,24,,6,88.92,2,180,1.0,0
CUST00850,North,Mobile,Free,425,156.5,6,45.24,1,4,14.9,0
CUST00851,South,Tablet,Free,915,65.98,8,176.69,1,156,10.4,0
CUST00852,Central,Mobile,Basic,1112,96.37,4,,0,205,7.5,1
CUST00853,South,Tablet,Free,1186,17.8,3,212.9,1,191,4.4,1
CUST00854,Central,Mobile,Free,1157,11112.975920452216,9,122.09,1,157,5.1,0
CUST00855,North,Mobile,Free,632,139.36,9,3099.8129884214286,1,201,1.0,1
CUST00856,East,Desktop,Premium,672,53.69,4,34.79,1,346,19.2,0
CUST00857,North,Tablet,Free,455,43.85,7,138.26,1,-5,1.0,0
CUST00858,South,Mobile,Premium,617,78.02,7,46.38,0,268,1.3,1
CUST00859,East,Mobile,Basic,887,12.6,3,71.45,1,255,1.0,0
CUST00860,North,Desktop,Free,969,67.53,4,131.84,1,249,7.4,1
CUST00861,East,Tablet,Enterprise,174,168.51,5,128.84,1,347,6.3,0
CUST00862,North,Mobile,Free,665,20.64,4,60.28,0,83,9.2,0
CUST00863,South,Desktop,Basic,713,22.0,2,196.31,1,190,12.9,1
CUST00864,East,Mobile,Free,741,273.72,2,115.89,3,363,1.0,0
CUST00865,North,Desktop,Premium,741,49.92,4,180.86,1,157,4.7,1
CUST00866,North,Desktop,Basic,935,18.65,4,92.64,1,295,5.9,1
CUST00867,South,Mobile,Free,1022,115.82,11,52.43,4,210,8.7,0
CUST00868,North,Desktop,Basic,871,38.78,5,5.0,1,302,8.8,1
CUST00869,North,Mobile,Free,826,16.75,6,100.58,0,184,13.3,0
CUST00870,North,Mobile,Free,1245,1.4,6,114.06,1,90,7.0,1
CUST00871,South,Mobile,Premium,929,145.7,3,47.65,1,89,1.0,0
CUST00872,South,Desktop,Premium,593,111.35,9,234.58,1,20,6.7,0
CUST00873,North,Desktop,Basic,1,15.82,5,76.28,0,184,10.1,0
CUST00874,South,Mobile,Free,705,1.62,5,178.01,1,222,18.4,1
CUST00875,Central,Mobile,Basic,187,141.03,2,201.38,1,0,8.6,1
CUST00876,West,Desktop,Basic,737,10.5,4,178.43,0,180,8.4,1
CUST00877,South,Mobile,Premium,232,7.89,9,76.05,0,230,6.4,0
CUST00878,South,Mobile,Free,235,258.12,9,69.4,1,75,14.0,0
CUST00879,South,Mobile,Basic,558,283.02,6,134.51,3,26,7.5,0
CUST00880,South,Mobile,Premium,76,2.08,3,148.2,1,138,9.8,1
CUST00881,East,Desktop,Free,1355,42.01,4,152.2,2,38,11.9,0
CUST00882,West,Mobile,Free,873,191.74,8,92.68,1,215,10.0,1
CUST00883,North,Mobile,Basic,1432,34.82,6,26.9,2,175,10.0,0
CUST00884,South,Mobile,Free,1357,21.03,7,109.62,2,125,15.3,1
CUST00885,East,Mobile,Free,484,3.32,3,158.62,1,188,14.2,1
CUST00886,West,Desktop,Free,1092,140.44,5,,1,188,7.1,0
CUST00887,East,Desktop,Basic,1218,123.47,3,61.34,2,999,10.6,0
CUST00888,South,Mobile,Basic,718,39.16,2,129.98,1,358,,1
CUST00889,North,Desktop,Free,974,13.08,4,167.37,0,333,10.7,1
CUST00890,North,Mobile,Free,460,68.84,7,161.62,1,33,5.0,1
CUST00891,South,Mobile,Enterprise,1028,43.97,5,100.6,1,223,5.4,0
CUST00892,South,Mobile,Basic,295,65.87,5,161.78,3,312,6.5,1
CUST00893,South,Tablet,Free,146,119.91,4,72.42,0,114,14.4,0
CUST00894,North,Desktop,Free,988,95.7,3,79.42,1,2,6.6,1
CUST00895,East,Mobile,Free,129,143.96,10,121.43,1,10,9.5,1
CUST00896,North,Mobile,Free,251,125.47,4,71.59,2,162,6.1,1
CUST00897,North,Mobile,Free,920,14.07,6,129.35,2,76,7.8,1
CUST00898,East,Desktop,Basic,1048,28.68,4,91.02,1,187,1.0,0
CUST00899,North,Mobile,Premium,46,20.1,2,4428.713249299186,0,339,12.6,0
CUST00900,South,Mobile,Free,894,91.29,7,102.6,1,207,,1
CUST00901,West,Mobile,Basic,6,,4,199.81,0,59,8.8,0
CUST00902,Central,Desktop,Free,1201,224.33,6,149.8,1,144,10.0,1
CUST00903,East,Desktop,Basic,1427,46.3,4,111.92,4,278,10.7,1
CUST00904,North,Desktop,Basic,1190,72.96,3,83.64,3,227,3.3,0
CUST00905,North,Desktop,Free,1036,19.9,3,114.05,0,88,10.9,0
CUST00906,West,Desktop,Basic,1432,65.53,6,155.89,5,29,,0
CUST00907,North,Mobile,Free,402,146.67,3,27.42,1,142,1.5,0
CUST00908,Central,Desktop,Enterprise,662,4.93,5,231.23,1,311,10.5,0
CUST00909,West,Mobile,Free,168,348.97,3,126.55,0,48,14.0,0
CUST00910,West,Mobile,Free,1161,84.57,6,129.23,1,273,10.7,1
CUST00911,North,Mobile,Free,1205,86.07,3,,0,9,9.0,1
CUST00912,South,Tablet,Basic,1124,107.39,3,168.2,1,231,6.6,0
CUST00913,Central,Mobile,Free,112,149.74,5,68.87,1,277,8.3,1
CUST00914,North,Desktop,Basic,967,128.62,3,217.66,3,279,10.0,1
CUST00915,Central,Mobile,Free,1097,31.82,4,144.15,0,80,11.3,1
CUST00916,North,Mobile,Free,1226,106.65,4,243.16,1,59,9.4,0
CUST00917,North,Mobile,Free,841,,4,84.69,0,8,9.7,0
CUST00918,North,Mobile,Free,421,218.5,5,5451.758482512362,2,138,1.8,0
CUST00919,North,Mobile,Basic,721,42.84,1,191.4,3,26,6.6,1
CUST00920,South,Mobile,Free,1323,19.4,5,56.79,0,218,7.9,1
CUST00921,West,Mobile,Free,1216,131.49,4,232.31,1,999,1.7,0
CUST00922,North,Desktop,Basic,433,304.48,3,203.18,2,37,7.5,1
CUST00923,North,Mobile,Premium,39,32.77,7,165.82,1,225,5.5,1
CUST00924,East,Mobile,Free,1242,0.06,5,70.93,2,140,9.5,0
CUST00925,North,Tablet,Basic,1271,118.08,9,176.84,1,69,6.6,0
CUST00926,South,Mobile,Basic,1004,36.37,1,60.31,1,128,1.0,0
CUST00927,North,Mobile,Free,1327,123.2,4,136.38,1,159,16.8,0
CUST00928,North,Mobile,Premium,175,155.69,4,170.39,1,202,4.4,0
CUST00929,North,Desktop,Basic,886,23.91,2,110.03,3,130,11.1,1
CUST00930,West,Desktop,Basic,43,30.17,4,99.89,0,233,2.9,1
CUST00931,West,Desktop,Premium,1104,12.45,8,48.32,0,284,2.0,1
CUST00932,Central,Tablet,Free,122,71.33,4,106.93,0,200,10.7,1
CUST00933,North,Mobile,Free,619,6.71,4,,2,311,7.1,1
CUST00934,North,Desktop,Basic,91,40.41,5,88.5,2,187,10.1,1
CUST00935,Central,Tablet,Basic,296,17.94,4,154.31,3,94,6.1,0
CUST00936,North,Mobile,Basic,671,35.23,5,83.52,1,357,9.8,1
CUST00937,South,Tablet,Free,1170,56.09,6,83.57,3,191,6.7,1
CUST00938,North,Desktop,Basic,1106,284.7,5,55.56,0,156,1.0,0
CUST00939,East,Mobile,Free,871,45.97,7,136.44,3,298,10.1,1
CUST00940,North,Mobile,Free,340,120.01,4,215.92,7,88,6.0,1
CUST00941,North,Mobile,Free,1226,33.4,3,46.19,2,353,8.8,1
CUST00942,North,Mobile,Premium,1246,102.35,3,139.89,2,134,9.6,0
CUST00943,East,Mobile,Basic,1486,130.83,4,180.54,1,357,4.6,1
CUST00944,East,Mobile,Free,91,27.49,8,43.03,1,318,3.4,0
CUST00945,South,Desktop,Free,581,64.11,3,175.35,0,306,4.5,0
CUST00946,North,Tablet,Premium,956,335.71,4,92.61,0,73,10.9,0
CUST00947,East,Desktop,Free,15,11.69,5,5.0,0,92,14.4,0
CUST00948,West,Desktop,Free,849,343.36,7,199.9,1,56,1.0,0
CUST00949,East,Desktop,Free,1267,215.73,7,176.07,3,51,2.7,0
CUST00950,Central,Desktop,Free,1351,53.78,6,98.53,1,127,12.2,1
CUST00951,Central,Mobile,Basic,1002,0.5,4,120.22,0,262,4.9,0
CUST00952,North,Mobile,Free,1443,55.8,5,30.29,0,74,9.6,1
CUST00953,South,Mobile,Free,486,87.32,1,212.54,2,295,,0
CUST00954,West,Mobile,Free,1185,16.38,3,34.32,0,140,14.4,1
CUST00955,South,Tablet,Free,29,203.14,10,111.22,1,3,1.0,0
CUST00956,North,Mobile,Free,1434,71.77,5,166.56,0,49,12.1,1
CUST00957,South,Mobile,Free,187,7.75,10,83.48,1,190,17.0,0
CUST00958,East,Desktop,Enterprise,1412,31.34,3,44.91,1,114,13.6,0
CUST00959,West,Desktop,Free,1345,85.07,5,109.4,1,84,6.5,0
CUST00960,West,Mobile,Free,826,31.76,1,,0,80,9.5,0
CUST00961,East,Mobile,Free,752,12.43,4,173.9,2,252,16.0,1
CUST00962,South,Desktop,Basic,858,256.55,6,70.27,1,18,5.1,1
CUST00963,North,Desktop,Free,273,16.56,7,88.36,1,78,,1
CUST00964,North,Mobile,Basic,1162,110.37,4,94.31,1,324,10.7,1
CUST00965,West,Mobile,Free,1155,37.53,4,33.77,1,37,11.7,0
CUST00966,North,Mobile,Basic,923,10.49,7,91.92,1,315,6.5,0
CUST00967,South,Mobile,Free,1310,181.96,7,5.0,0,96,18.4,1
CUST00968,East,Mobile,Enterprise,961,91.17,6,137.72,4,253,6.6,0
CUST00969,East,Mobile,Free,935,297.3,4,134.85,3,76,6.7,0
CUST00970,South,Mobile,Basic,993,141.88,8,160.26,1,77,3.0,0
CUST00971,North,Desktop,Free,218,94.01,2,5.0,1,96,9.9,1
CUST00972,North,Desktop,Free,362,78.09,6,167.78,2,51,10.1,1
CUST00973,West,Mobile,Basic,618,90.03,7,29.68,2,227,7.8,0
CUST00974,West,Mobile,Free,846,141.23,1,121.36,0,194,8.6,1
CUST00975,North,Mobile,Free,846,211.64,5,35.98,0,182,14.1,0
CUST00976,South,Mobile,Free,1118,84.77,3,135.59,0,999,7.7,0
CUST00977,North,Desktop,Basic,1315,28.44,8,168.75,1,241,13.3,0
CUST00978,South,Mobile,Premium,126,95.89,6,191.5,1,282,12.6,1
CUST00979,South,Mobile,Free,438,10.12,4,114.51,0,179,8.4,1
CUST00980,South,Tablet,Free,222,87.34,8,189.59,0,0,10.0,0
CUST00981,South,Tablet,Free,1172,254.61,5,162.75,0,13,10.1,1
CUST00982,East,Mobile,Free,104,12.78,4,186.82,0,198,13.3,0
CUST00983,North,Mobile,Free,1466,114.96,4,40.82,0,89,11.6,0
CUST00984,West,Mobile,Basic,612,43.29,1,106.44,1,58,11.0,1
CUST00985,South,Mobile,Basic,1357,12.45,4,93.46,2,75,12.1,0
CUST00986,North,Mobile,Free,383,18.3,6,90.62,3,175,10.7,0
CUST00987,South,Mobile,Free,473,46.35,4,34.43,2,201,4.4,1
CUST00988,East,Desktop,Free,1100,184.09,3,242.43,2,55,,0
CUST00989,South,Desktop,Free,163,0.52,6,64.02,4,23,9.4,1
CUST00990,South,Mobile,Free,504,4.19,5,164.36,0,94,9.2,1
CUST00991,South,Mobile,Basic,170,47.72,7,,0,15,10.6,1
CUST00992,North,Mobile,Premium,512,99.76,6,94.74,2,156,12.6,1
CUST00993,South,Mobile,Free,1111,0.76,5,205.16,1,185,9.5,1
CUST00994,East,Desktop,Free,561,121.0,6,18.06,2,307,11.3,0
CUST00995,East,Mobile,Premium,834,25.54,2,6916.54927327018,2,46,5.3,1
CUST00996,North,Mobile,Basic,169,15.97,5,9.72,3,173,11.0,1
CUST00997,North,Desktop,Free,122,6815.268415979638,6,172.84,3,216,1.0,0
CUST00998,North,Tablet,Free,427,34.08,4,148.72,0,56,5.6,0
CUST00999,South,Mobile,Basic,276,22.03,6,112.84,3,278,14.1,1
CUST01000,East,Desktop,Free,653,63.37,7,75.57,2,216,14.0,0
CUST01001,West,Mobile,Free,808,4.92,4,159.21,0,74,6.8,0
CUST01002,East,Mobile,Basic,1203,79.43,4,136.98,2,120,10.7,0
CUST01003,South,Mobile,Premium,1397,21.11,9,180.09,4,273,7.8,0
CUST01004,West,Mobile,Free,1480,48.18,6,147.71,1,101,4.2,0
CUST01005,North,Tablet,Basic,1168,58.05,4,70.91,0,291,5.5,1
CUST01006,East,Desktop,Free,923,39.95,7,140.21,1,343,9.4,1
CUST01007,East,Mobile,Basic,1324,245.12,7,111.47,0,138,1.0,1
CUST01008,North,Mobile,Basic,908,139.92,2,8097.712625319786,1,194,3.5,0
CUST01009,South,Desktop,Free,1117,16.09,3,97.25,2,151,7.5,0
CUST01010,Central,Desktop,Basic,1189,16.35,7,4395.247913899586,1,230,8.1,1
CUST01011,North,Desktop,Free,1042,21.75,8,79.3,0,273,11.0,1
CUST01012,North,Desktop,Enterprise,270,71.41,5,120.73,0,252,5.6,0
CUST01013,East,Desktop,Basic,1449,0.37,9,44.46,1,31,9.1,1
CUST01014,Central,Desktop,Free,1172,63.85,6,145.81,1,331,1.0,1
CUST01015,West,Desktop,Premium,35,10.2,7,37.72,2,181,8.5,0
CUST01016,South,Desktop,Premium,980,55.63,3,139.59,0,362,7.1,1
CUST01017,East,Mobile,Premium,1065,138.9,7,138.6,2,270,15.0,0
CUST01018,South,Desktop,Free,294,39.08,4,128.57,1,157,,0
CUST01019,West,Mobile,Free,1495,169.76,9,124.66,0,145,13.4,1
CUST01020,South,Mobile,Premium,946,37.34,5,83.21,1,185,12.9,1
CUST01021,East,Desktop,Enterprise,541,77.88,4,195.83,2,317,11.2,1
CUST01022,West,Desktop,Premium,25,30.74,4,114.05,1,177,5.6,0
CUST01023,West,Mobile,Premium,717,151.21,7,63.85,2,299,12.7,0
CUST01024,South,Mobile,Free,1127,71.24,5,146.34,1,153,1.5,0
CUST01025,North,Tablet,Basic,1034,37.64,7,71.64,0,106,10.1,0
CUST01026,East,Mobile,Free,1274,54.54,7,146.99,2,140,9.9,1
CUST01027,Central,Desktop,Premium,1015,217.13,6,240.43,2,354,12.9,1
CUST01028,East,Tablet,Free,697,46.3,1,161.92,1,349,12.3,1
CUST01029,North,Tablet,Free,512,,5,74.98,1,224,12.2,0
CUST01030,East,Mobile,Premium,413,27.53,3,108.06,2,122,10.0,0
CUST01031,West,Desktop,Free,927,12819.679155457276,3,161.03,1,160,12.1,1
CUST01032,North,Mobile,Basic,997,83.34,8,113.95,2,88,3.9,0
CUST01033,East,Mobile,Basic,496,8.51,5,5.0,1,130,9.4,1
CUST01034,South,Mobile,Free,1211,24.28,3,199.58,0,180,9.4,1
CUST01035,West,Desktop,Basic,1346,127.62,4,107.65,0,248,,0
CUST01036,North,Mobile,Basic,1464,62.21,7,89.09,3,162,8.3,0
CUST01037,South,Mobile,Free,40,42.88,6,159.2,0,166,9.6,1
CUST01038,North,Tablet,Premium,44,26.28,7,224.63,0,12,,0
CUST01039,Central,Mobile,Premium,849,67.11,6,188.62,1,245,11.8,1
CUST01040,North,Mobile,Premium,7,259.56,5,25.87,1,22,2.2,1
CUST01041,North,Mobile,Basic,1054,90.37,3,94.53,4,335,,1
CUST01042,South,Desktop,Basic,503,131.82,3,122.82,2,9,4.9,1
CUST01043,North,Mobile,Premium,164,5.63,1,134.54,1,197,7.7,1
CUST01044,South,Mobile,Basic,405,4.68,3,,1,32,9.8,1
CUST01045,North,Desktop,Basic,222,17.51,4,65.31,0,303,6.7,1
CUST01046,East,Desktop,Premium,1316,58.53,4,244.92,0,291,6.7,0
CUST01047,Central,Tablet,Free,946,54.0,4,80.37,0,281,6.7,1
CUST01048,North,Desktop,Free,34,1.0,3,155.8,3,356,,1
CUST01049,West,Mobile,Enterprise,575,101.47,5,69.42,1,276,4.2,1
CUST01050,East,Desktop,Free,453,77.46,3,131.55,1,143,5.5,1
CUST01051,North,Mobile,Free,667,121.93,6,91.91,2,250,3.8,1
CUST01052,East,Desktop,Basic,1002,68.62,5,105.91,5,153,10.1,0
CUST01053,Central,Tablet,Free,248,56.38,4,147.84,0,242,5.2,0
CUST01054,West,Mobile,Basic,476,17.12,3,170.0,0,65,8.9,0
CUST01055,South,Mobile,Basic,985,52.3,7,95.61,0,141,8.8,0
CUST01056,South,Mobile,Free,116,54.42,8,75.09,0,146,11.2,1
CUST01057,South,Mobile,Basic,209,13.88,7,154.28,1,36,3.0,0
CUST01058,North,Tablet,Enterprise,222,263.88,4,182.62,1,266,6.0,0
CUST01059,South,Desktop,Basic,565,21.84,8,5.0,2,149,10.6,1
CUST01060,South,Mobile,Premium,670,34.46,6,179.61,2,209,9.0,1
CUST01061,North,Mobile,Free,801,44.68,9,,2,341,9.6,0
CUST01062,South,Mobile,Free,178,1.81,7,140.46,1,200,12.3,0
CUST01063,East,Mobile,Enterprise,8,80.15,6,5.0,1,54,6.5,1
CUST01064,North,Desktop,Free,1168,33.75,3,7254.027105482185,1,247,9.6,0
CUST01065,South,Mobile,Basic,900,71.09,4,87.01,2,296,6.2,1
CUST01066,West,Desktop,Basic,192,242.74,3,92.47,2,243,8.2,1
CUST01067,East,Mobile,Free,984,70.47,7,146.17,3,264,12.7,1
CUST01068,East,Mobile,Free,43,26.4,6,139.44,0,317,1.3,1
CUST01069,North,Mobile,Basic,923,48.8,6,110.5,2,325,7.9,0
CUST01070,West,Mobile,Free,1455,,6,188.69,4,245,4.7,1
CUST01071,North,Desktop,Free,3,345.07,3,69.85,1,129,6.5,1
CUST01072,South,Desktop,Free,54,86.34,6,191.48,1,110,12.3,1
CUST01073,Central,Mobile,Basic,1202,63.58,4,174.62,0,266,7.5,1
CUST01074,West,Mobile,Free,1383,121.9,4,125.11,2,59,6.5,1
CUST01075,South,Mobile,Basic,316,94.05,6,,1,168,13.2,1
CUST01076,East,Desktop,Basic,263,,6,250.87,0,160,3.7,0
CUST01077,North,Mobile,Free,1008,48.73,2,106.68,1,201,3.8,0
CUST01078,Central,Desktop,Free,1361,100.32,8,152.03,1,19,8.9,1
CUST01079,North,Mobile,Basic,789,5.1,6,135.37,2,19,7.0,0
CUST01080,North,Desktop,Free,873,53.39,3,137.42,0,69,8.8,1
CUST01081,East,Mobile,Free,485,135.71,9,127.19,0,71,9.7,1
CUST01082,East,Mobile,Basic,1296,,3,54.51,2,-5,7.3,0
CUST01083,North,Mobile,Free,466,179.28,3,98.23,1,90,10.1,0
CUST01084,South,Tablet,Free,1289,49.03,2,119.5,1,234,5.9,1
CUST01085,North,Desktop,Basic,402,83.97,4,139.95,2,56,9.6,1
CUST01086,West,Desktop,Free,789,71.66,8,91.77,2,115,15.3,0
CUST01087,East,Desktop,Enterprise,70,82.4,3,90.72,4,1,3.9,1
CUST01088,South,Mobile,Free,477,169.38,4,5.0,0,119,12.2,1
CUST01089,South,Mobile,Free,621,19.98,10,36.47,0,346,12.1,1
CUST01090,East,Tablet,Premium,1108,162.47,2,76.24,0,151,8.4,0
CUST01091,North,Mobile,Free,526,51.07,4,68.61,0,105,,1
CUST01092,West,Mobile,Basic,934,53.82,8,57.55,0,177,11.5,0
CUST01093,West,Desktop,Basic,597,41.76,6,39.78,0,329,8.4,0
CUST01094,Central,Mobile,Free,1299,19.76,4,126.07,0,275,13.1,0
CUST01095,North,Desktop,Enterprise,1396,44.95,5,135.44,4,42,9.5,0
CUST01096,North,Mobile,Premium,323,235.84,6,42.84,1,335,8.3,1
CUST01097,North,Mobile,Free,1241,150.48,8,72.65,1,101,4.4,0
CUST01098,West,Mobile,Free,1422,166.54,6,283.79,0,291,15.1,0
CUST01099,North,Mobile,Free,1269,6280.34573711222,4,136.53,1,42,6.3,0
CUST01100,North,Mobile,Basic,875,56.1,4,107.11,0,4,7.4,0
CUST01101,Central,Desktop,Free,922,75.76,7,158.17,4,4,7.3,0
CUST01102,East,Mobile,Free,1327,102.49,6,106.23,1,118,15.5,1
CUST01103,North,Mobile,Basic,1414,33.57,1,134.09,0,320,14.7,1
CUST01104,West,Tablet,Basic,294,118.85,3,84.26,1,259,1.0,0
CUST01105,North,Mobile,Free,810,58.87,2,122.52,1,233,1.0,0
CUST01106,North,Tablet,Free,1445,83.33,4,166.24,0,209,1.0,0
CUST01107,South,Tablet,Free,316,19.7,2,6192.116640401864,2,66,1.0,1
CUST01108,North,Desktop,Free,1293,4.11,4,147.47,4,360,10.1,0
CUST01109,Central,Mobile,Free,145,99.81,4,28.84,1,216,3.8,1
CUST01110,South,Desktop,Free,594,68.74,3,131.73,3,313,4.1,0
CUST01111,East,Desktop,Basic,642,79.82,3,113.79,0,361,6.7,1
CUST01112,North,Mobile,Free,447,103.1,1,188.27,0,345,9.2,1
CUST01113,North,Mobile,Free,194,21.76,4,241.23,0,269,8.0,1
CUST01114,North,Mobile,Basic,539,29.38,4,126.53,3,42,10.6,0
CUST01115,North,Tablet,Free,637,44.62,6,139.04,1,211,11.1,0
CUST01116,North,Mobile,Free,33,0.27,3,76.79,1,128,6.6,1
CUST01117,North,Mobile,Basic,46,37.1,8,107.02,2,156,5.0,0
CUST01118,South,Mobile,Free,725,237.16,4,,1,348,4.6,1
CUST01119,North,Desktop,Free,991,311.82,6,172.51,1,136,4.4,1
CUST01120,East,Desktop,Basic,682,73.72,2,88.19,2,317,4.9,1
CUST01121,North,Desktop,Basic,595,71.66,9,128.33,0,188,8.5,0
CUST01122,South,Mobile,Basic,472,35.85,2,5.0,4,47,14.7,0
CUST01123,East,Desktop,Basic,625,30.88,3,91.67,1,164,3.4,1
CUST01124,North,Desktop,Basic,671,2.2,4,160.85,1,161,7.1,0
CUST01125,North,Mobile,Free,711,47.36,8,67.31,1,232,4.3,1
CUST01126,East,Desktop,Basic,123,87.46,2,124.88,0,341,7.4,1
CUST01127,North,Desktop,Free,508,155.88,8,132.95,3,170,8.8,0
CUST01128,North,Desktop,Basic,1258,2.16,3,149.75,1,331,5.7,0
CUST01129,East,Mobile,Premium,271,12416.856083732488,8,89.26,0,218,10.8,0
CUST01130,South,Mobile,Free,1128,12.78,3,36.45,1,305,9.7,0
CUST01131,North,Mobile,Premium,680,26.9,4,94.25,0,116,1.0,0
CUST01132,North,Mobile,Free,270,8.63,8,167.62,0,308,8.7,1
CUST01133,East,Mobile,Premium,624,125.51,3,145.63,3,86,1.0,0
CUST01134,South,Mobile,Basic,425,170.37,5,130.04,3,83,5.8,1
CUST01135,East,Desktop,Enterprise,75,143.16,6,77.66,1,139,10.2,0
CUST01136,South,Mobile,Basic,133,32.8,5,45.87,1,115,7.7,1
CUST01137,Central,Desktop,Basic,334,52.18,3,155.46,1,357,6.0,1
CUST01138,Central,Mobile,Premium,436,22.26,4,181.07,3,170,6.3,0
CUST01139,West,Tablet,Premium,443,42.26,5,59.84,1,346,,0
CUST01140,North,Mobile,Free,124,63.67,8,140.57,2,349,4.0,1
CUST01141,North,Mobile,Free,931,199.45,8,195.09,1,146,2.1,0
CUST01142,South,Desktop,Premium,1062,209.67,2,,1,73,9.0,0
CUST01143,East,Desktop,Basic,1475,82.6,1,129.29,3,306,9.6,0
CUST01144,South,Desktop,Free,1170,187.18,6,151.08,1,62,8.2,0
CUST01145,North,Mobile,Basic,1090,203.92,4,85.11,0,72,8.7,0
CUST01146,East,Mobile,Premium,1219,47.5,9,213.01,2,84,12.5,0
CUST01147,East,Mobile,Free,1450,60.29,3,234.54,1,15,15.3,0
CUST01148,North,Desktop,Premium,878,,2,137.95,0,353,12.4,1
CUST01149,North,Desktop,Free,1011,123.05,2,119.33,1,148,5.2,0
CUST01150,North,Mobile,Premium,257,16.46,6,237.71,1,110,8.6,1
CUST01151,North,Mobile,Enterprise,2,166.96,5,90.47,3,218,5.7,0
CUST01152,North,Mobile,Enterprise,1149,39.24,2,178.76,2,358,8.6,0
CUST01153,South,Mobile,Premium,573,2.88,1,155.84,2,315,11.0,0
CUST01154,North,Desktop,Free,1460,68.06,3,139.92,0,105,11.3,0
CUST01155,North,Mobile,Basic,634,3.37,4,179.39,2,280,1.0,1
CUST01156,South,Mobile,Free,134,229.47,6,166.55,1,31,18.8,1
CUST01157,North,Mobile,Premium,829,37.75,5,141.37,0,330,12.2,0
CUST01158,East,Mobile,Free,400,139.18,4,161.58,2,202,6.0,0
CUST01159,West,Desktop,Basic,1367,,4,5.0,1,283,10.2,0
CUST01160,East,Mobile,Basic,922,20.88,6,162.18,0,232,7.4,1
CUST01161,East,Tablet,Free,982,49.34,4,134.89,2,153,4.8,1
CUST01162,East,Desktop,Free,969,4.86,6,178.03,1,6,1.6,0
CUST01163,South,Mobile,Enterprise,930,216.44,6,136.9,0,97,8.4,0
CUST01164,South,Tablet,Free,439,38.87,7,114.57,1,336,7.9,1
CUST01165,South,Tablet,Premium,1359,202.95,4,83.21,0,31,,0
CUST01166,North,Mobile,Premium,120,41.3,6,177.58,1,335,,0
CUST01167,North,Tablet,Free,860,36.21,7,8739.418627118368,0,4,5.2,1
CUST01168,South,Tablet,Free,1351,6.34,4,95.0,1,41,7.6,1
CUST01169,South,Desktop,Free,698,82.76,5,35.71,2,136,5.3,0
CUST01170,North,Mobile,Premium,1021,118.89,4,,2,168,9.7,0
CUST01171,East,Mobile,Premium,390,40.24,5,152.71,4,248,5.8,1
CUST01172,South,Desktop,Free,296,38.53,6,196.53,0,155,8.0,0
CUST01173,East,Mobile,Free,1476,17021.402071243443,5,127.57,1,45,7.0,1
CUST01174,South,Mobile,Free,581,0.28,7,72.63,0,239,7.5,1
CUST01175,Central,Desktop,Free,1243,23.85,3,111.0,1,2,11.0,0
CUST01176,Central,Tablet,Enterprise,1370,79.71,3,5.0,0,105,11.0,0
CUST01177,North,Tablet,Free,148,19.14,2,173.69,0,362,7.8,1
CUST01178,North,Mobile,Free,666,70.41,4,219.61,2,288,5.5,1
CUST01179,South,Desktop,Premium,781,350.57,5,86.96,4,218,6.0,0
CUST01180,East,Desktop,Free,82,53.19,7,4567.53560872935,0,213,7.0,0
CUST01181,North,Mobile,Free,878,98.02,4,134.76,3,305,14.6,1
CUST01182,North,Mobile,Basic,623,155.17,3,,0,3,5.1,0
CUST01183,North,Tablet,Free,372,43.4,7,,1,324,6.7,0
CUST01184,North,Mobile,Free,970,47.88,6,18.16,2,175,9.2,0
CUST01185,South,Mobile,Basic,1209,254.16,2,156.18,1,257,16.5,0
CUST01186,North,Desktop,Enterprise,1416,78.68,7,93.7,1,156,7.2,0
CUST01187,North,Desktop,Free,1047,,6,164.65,2,233,9.2,1
CUST01188,West,Desktop,Free,1186,50.54,6,77.8,0,31,11.2,0
CUST01189,North,Mobile,Free,238,136.93,2,126.02,2,315,10.8,1
CUST01190,East,Desktop,Free,1225,24.29,11,29.14,0,71,10.2,1
CUST01191,North,Mobile,Free,526,120.17,4,83.63,2,331,8.6,0
CUST01192,West,Mobile,Premium,1352,128.73,3,112.89,0,344,12.3,0
CUST01193,South,Mobile,Free,991,43.28,1,53.3,0,167,1.1,1
CUST01194,North,Desktop,Free,903,125.82,6,111.71,1,31,10.8,0
CUST01195,East,Mobile,Enterprise,684,22.45,6,153.65,1,85,6.3,0
CUST01196,South,Desktop,Free,749,5.08,4,136.78,2,228,4.9,1
CUST01197,North,Desktop,Basic,190,37.45,3,105.26,1,78,12.5,0
CUST01198,Central,Desktop,Basic,551,35.81,6,46.16,1,55,10.5,0
CUST01199,East,Mobile,Basic,440,1.78,2,188.08,1,325,1.4,1
CUST01200,East,Mobile,Premium,486,40.76,6,52.92,1,50,6.9,0
CUST01201,North,Mobile,Basic,538,288.37,6,64.78,2,58,6.5,1
CUST01202,East,Desktop,Free,1126,42.29,5,78.01,1,112,15.3,1
CUST01203,North,Desktop,Premium,555,28.67,3,108.12,0,3,7.7,0
CUST01204,South,Mobile,Free,530,,7,107.77,0,169,6.7,1
CUST01205,South,Mobile,Free,109,87.69,2,157.52,0,30,7.6,0
CUST01206,North,Desktop,Basic,1395,6.54,7,174.6,1,301,7.7,0
CUST01207,South,Mobile,Free,564,5.98,4,122.37,1,140,15.8,0
CUST01208,East,Mobile,Free,276,,8,126.43,2,360,6.8,1
CUST01209,South,Desktop,Premium,686,11.29,7,105.83,1,174,10.3,1
CUST01210,South,Mobile,Free,1369,72.6,2,192.93,3,45,5.0,0
CUST01211,North,Mobile,Free,746,49.66,6,5.0,1,260,4.6,0
CUST01212,North,Mobile,Free,752,5.3,2,113.22,1,268,8.0,0
CUST01213,East,Mobile,Basic,1166,54.69,2,149.57,1,67,4.6,1
CUST01214,East,Mobile,Free,793,149.98,8,91.55,0,171,,1
CUST01215,North,Mobile,Free,690,8.3,1,,2,180,11.1,0
CUST01216,North,Desktop,Free,825,,10,57.33,3,251,9.1,0
CUST01217,Central,Mobile,Premium,455,231.17,8,149.18,0,298,10.0,0
CUST01218,East,Mobile,Free,946,4.98,6,114.3,3,128,8.3,0
CUST01219,North,Desktop,Premium,910,208.1,7,105.33,2,27,2.9,0
CUST01220,North,Tablet,Free,747,20.46,7,186.25,1,141,6.1,0
CUST01221,South,Mobile,Basic,468,81.55,5,117.14,4,165,1.0,0
CUST01222,South,Tablet,Basic,921,45.99,3,157.23,0,95,8.4,0
CUST01223,South,Mobile,Free,753,239.19,6,113.6,2,322,3.9,0
CUST01224,South,Desktop,Enterprise,1087,267.69,2,120.21,3,159,14.6,1
CUST01225,South,Mobile,Basic,1227,77.86,4,148.42,1,281,6.0,0
CUST01226,West,Mobile,Basic,596,13.3,2,129.81,0,9,9.0,0
CUST01227,North,Tablet,Free,-1,5.18,7,94.28,4,292,6.3,1
CUST01228,South,Mobile,Free,747,125.78,1,174.1,3,110,8.2,1
CUST01229,North,Tablet,Free,36,177.41,6,156.35,0,195,15.7,0
CUST01230,North,Mobile,Basic,196,82.0,1,112.68,2,39,12.9,1
CUST01231,West,Desktop,Basic,1171,12.17,7,,2,67,5.4,0
CUST01232,Central,Mobile,Free,208,35.81,9,145.31,0,294,1.0,1
CUST01233,South,Desktop,Free,416,39.81,4,286.04,2,208,6.8,0
CUST01234,West,Desktop,Free,349,65.76,3,4212.653654547434,0,229,14.4,1
CUST01235,North,Mobile,Basic,505,168.09,6,229.67,1,102,8.9,0
CUST01236,East,Tablet,Premium,1177,106.03,3,104.91,1,9,2.0,0
CUST01237,North,Mobile,Basic,278,17.49,4,63.22,0,329,5.9,1
CUST01238,South,Tablet,Basic,384,13.94,4,112.71,3,312,6.8,1
CUST01239,East,Desktop,Basic,174,70.69,10,127.08,2,16,5.4,1
CUST01240,West,Mobile,Basic,282,119.37,5,49.67,0,172,5.8,1
CUST01241,West,Desktop,Basic,351,96.57,4,154.14,0,151,10.9,0
CUST01242,West,Desktop,Enterprise,696,131.52,5,130.04,1,71,11.7,1
CUST01243,North,Mobile,Premium,1257,36.04,7,26.01,1,5,,1
CUST01244,South,Mobile,Free,1441,142.85,6,77.57,2,114,8.7,0
CUST01245,South,Tablet,Basic,401,17.1,7,153.66,2,323,9.3,0
CUST01246,East,Desktop,Free,121,31.38,3,55.91,1,309,4.8,1
CUST01247,Central,Desktop,Free,516,14.19,8,301.48,0,288,9.1,1
CUST01248,North,Desktop,Basic,36,115.48,3,122.33,3,159,11.3,1
CUST01249,South,Tablet,Basic,1265,26.84,7,48.42,0,110,4.4,0
CUST01250,South,Desktop,Free,6,30.74,6,48.54,1,236,13.1,1
CUST01251,East,Desktop,Premium,459,106.7,10,66.25,1,139,5.0,1
CUST01252,North,Mobile,Basic,891,163.98,4,42.45,0,293,10.3,1
CUST01253,South,Desktop,Basic,733,375.32,5,,2,73,9.8,0
CUST01254,East,Mobile,Basic,886,6.75,8,76.06,1,87,5.9,0
CUST01255,North,Desktop,Free,915,,2,8258.340312071983,2,131,12.5,1
CUST01256,East,Mobile,Free,448,,8,98.13,2,211,6.2,1
CUST01257,East,Mobile,Enterprise,1313,227.68,5,5.0,4,27,2.0,1
CUST01258,North,Mobile,Free,266,46.02,4,107.91,0,204,14.3,1
CUST01259,North,Tablet,Free,81,69.07,5,141.15,2,121,4.4,0
CUST01260,North,Desktop,Free,780,98.2,5,178.96,0,101,11.9,0
CUST01261,South,Desktop,Basic,102,146.56,4,158.08,1,333,9.4,0
CUST01262,North,Mobile,Free,1494,25.09,4,137.97,2,198,15.8,1
CUST01263,North,Desktop,Free,748,40.8,5,,0,272,12.0,0
CUST01264,North,Mobile,Basic,388,53.27,4,106.43,0,110,7.9,1
CUST01265,South,Desktop,Basic,-1,54.04,9,151.08,1,9,6.5,1
CUST01266,East,Mobile,Basic,1268,7.95,0,123.28,3,151,4.9,0
CUST01267,North,Mobile,Enterprise,1434,221.01,1,250.79,0,339,7.6,1
CUST01268,Central,Desktop,Enterprise,1484,11297.779292380343,8,106.21,1,17,1.0,0
CUST01269,West,Desktop,Free,804,79.66,6,116.72,2,120,7.5,0
CUST01270,South,Desktop,Enterprise,1397,14.09,8,42.24,1,211,7.8,0
CUST01271,North,Tablet,Free,768,64.2,8,148.7,0,123,4.9,0
CUST01272,Central,Mobile,Basic,36,,7,159.9,1,345,5.3,1
CUST01273,West,Mobile,Basic,1054,10.5,4,117.13,2,290,8.9,0
CUST01274,North,Mobile,Enterprise,678,24.68,3,171.23,2,184,9.4,1
CUST01275,South,Mobile,Free,911,70.65,7,248.84,1,308,4.4,1
CUST01276,North,Desktop,Basic,1380,70.21,5,206.89,3,59,2.9,1
CUST01277,North,Tablet,Basic,1222,0.4,11,88.01,1,68,8.2,0
CUST01278,East,Mobile,Basic,504,24.19,3,131.07,2,48,9.5,1
CUST01279,North,Desktop,Free,1256,10.96,6,155.81,1,57,5.6,1
CUST01280,West,Desktop,Basic,866,1.35,5,148.41,1,223,11.1,0
CUST01281,East,Mobile,Basic,355,45.98,4,,3,223,9.2,1
CUST01282,East,Desktop,Premium,1262,205.48,1,230.82,0,25,1.0,0
CUST01283,North,Desktop,Enterprise,1241,41.39,3,186.37,1,155,6.5,0
CUST01284,South,Mobile,Free,1470,55.21,4,168.33,1,297,8.8,0
CUST01285,South,Desktop,Premium,1356,17.27,7,222.26,2,270,12.5,0
CUST01286,North,Desktop,Enterprise,850,61.82,5,116.66,2,342,7.5,1
CUST01287,North,Desktop,Free,868,25.28,3,35.98,1,112,3.0,1
CUST01288,South,Mobile,Enterprise,270,,7,198.81,1,7,10.8,1
CUST01289,West,Desktop,Basic,1338,32.24,7,195.93,2,50,5.8,1
CUST01290,Central,Tablet,Free,547,12.77,5,81.44,0,341,8.9,1
CUST01291,East,Mobile,Premium,1165,60.36,7,190.17,4,256,10.3,0
CUST01292,East,Mobile,Premium,1276,34.93,6,133.23,2,151,7.0,0
CUST01293,Central,Mobile,Basic,1139,22.51,3,194.73,2,315,10.3,0
CUST01294,South,Desktop,Free,446,38.16,2,34.37,1,5,4.5,1
CUST01295,North,Desktop,Basic,1369,46.61,6,107.65,2,235,13.0,0
CUST01296,East,Mobile,Free,1361,49.71,5,87.79,1,163,,1
CUST01297,Central,Mobile,Free,1162,11.62,7,145.9,2,128,13.8,0
CUST01298,South,Mobile,Free,353,24.98,3,97.48,6,9,8.0,1
CUST01299,North,Desktop,Free,527,28.76,5,220.15,1,48,8.2,0
CUST01300,South,Mobile,Free,478,130.4,4,124.91,3,11,,0
CUST01301,South,Mobile,Basic,862,130.91,4,162.87,0,249,11.3,0
CUST01302,North,Desktop,Free,160,138.31,2,152.75,0,67,5.1,1
CUST01303,West,Mobile,Free,1188,293.37,7,152.16,2,66,4.2,0
CUST01304,Central,Tablet,Basic,1367,29.72,3,,0,109,8.0,0
CUST01305,North,Mobile,Basic,64,223.17,4,68.97,1,337,9.9,1
CUST01306,North,Desktop,Free,1436,34.58,6,77.62,2,53,6.3,1
CUST01307,South,Tablet,Free,866,,4,292.16,0,201,9.6,0
CUST01308,South,Mobile,Free,62,88.06,10,48.06,1,236,12.2,0
CUST01309,North,Desktop,Enterprise,121,5.47,4,159.9,1,64,5.5,0
CUST01310,East,Mobile,Basic,1404,32.22,5,160.38,0,352,7.0,1
CUST01311,North,Desktop,Basic,307,33.9,5,76.88,2,203,1.0,1
CUST01312,North,Mobile,Free,244,19.52,5,62.86,2,192,11.9,1
CUST01313,South,Mobile,Premium,1416,18454.036876458944,10,,1,107,9.0,0
CUST01314,North,Mobile,Basic,93,41.69,4,141.16,0,33,11.1,0
CUST01315,West,Mobile,Basic,1228,36.41,9,113.92,0,318,13.5,0
CUST01316,West,Tablet,Premium,1253,4.62,4,101.5,2,355,4.6,1
CUST01317,Central,Mobile,Free,6,248.51,6,112.19,3,63,12.4,1
CUST01318,South,Mobile,Free,835,211.2,3,32.0,6,319,6.2,1
CUST01319,East,Mobile,Free,1442,185.36,8,42.95,0,31,10.0,1
CUST01320,North,Mobile,Free,1116,43.59,2,169.2,1,123,4.4,0
CUST01321,North,Desktop,Free,927,20.34,3,141.96,0,151,9.5,1
CUST01322,East,Mobile,Enterprise,1265,2.93,7,144.31,1,155,14.6,0
CUST01323,North,Desktop,Basic,1167,295.17,3,96.63,0,20,7.7,0
CUST01324,East,Mobile,Premium,1169,311.19,4,5.0,0,333,1.0,1
CUST01325,North,Tablet,Premium,819,66.68,7,8.29,0,117,9.3,0
CUST01326,South,Mobile,Basic,1279,9.8,3,11.21,1,223,4.0,1
CUST01327,Central,Mobile,Free,1077,30.48,5,66.7,3,151,8.5,1
CUST01328,East,Mobile,Premium,531,199.59,6,104.2,1,22,1.0,1
CUST01329,North,Desktop,Basic,628,32.13,7,69.63,1,293,10.8,1
CUST01330,North,Desktop,Free,601,56.36,6,49.14,2,232,8.9,1
CUST01331,East,Desktop,Premium,1147,293.98,7,37.95,1,45,14.2,0
CUST01332,Central,Desktop,Free,860,6.09,4,122.57,3,132,9.0,1
CUST01333,West,Desktop,Premium,1228,21.79,5,94.55,1,201,9.1,0
CUST01334,North,Mobile,Free,1242,142.91,6,175.82,1,163,9.2,1
CUST01335,North,Mobile,Basic,375,281.8,4,99.52,1,124,3.5,0
CUST01336,East,Desktop,Free,1025,14.36,5,66.69,0,125,11.7,1
CUST01337,Central,Mobile,Free,826,2.21,6,145.17,2,52,6.2,1
CUST01338,West,Mobile,Free,903,70.26,4,138.78,2,73,6.5,1
CUST01339,South,Mobile,Premium,904,0.31,9,125.5,0,32,8.2,0
CUST01340,South,Desktop,Basic,602,37.27,6,90.56,3,145,6.8,0
CUST01341,East,Mobile,Basic,263,31.65,4,186.58,1,184,6.7,0
CUST01342,South,Mobile,Premium,618,295.27,4,189.38,0,169,5.2,0
CUST01343,Central,Desktop,Free,1124,47.65,5,5.0,0,223,14.3,0
CUST01344,Central,Mobile,Basic,1045,88.9,7,246.42,3,63,10.1,0
CUST01345,South,Mobile,Free,1315,32.75,4,28.64,1,288,1.0,1
CUST01346,Central,Mobile,Free,441,247.43,2,87.9,3,221,11.5,0
CUST01347,South,Tablet,Basic,637,62.52,2,100.13,1,158,10.5,1
CUST01348,South,Desktop,Enterprise,1145,8.75,6,5.0,1,336,10.4,1
CUST01349,North,Mobile,Enterprise,730,51.77,5,184.23,0,180,6.5,0
CUST01350,East,Mobile,Free,191,208.39,5,232.32,1,93,8.5,1
CUST01351,North,Desktop,Basic,1367,28.47,5,100.15,3,290,7.3,0
CUST01352,South,Mobile,Free,235,115.29,3,105.84,0,184,10.5,0
CUST01353,North,Mobile,Basic,797,92.05,3,148.76,0,28,9.8,0
CUST01354,East,Mobile,Free,527,514.4,1,115.29,2,76,,0
CUST01355,South,Mobile,Basic,1405,14620.209794673263,3,73.96,1,229,1.6,1
CUST01356,South,Desktop,Free,1310,91.82,4,154.95,1,304,9.5,1
CUST01357,East,Mobile,Free,910,18.88,5,161.04,1,114,1.0,0
CUST01358,North,Mobile,Basic,1117,123.03,7,159.27,0,114,10.2,1
CUST01359,West,Desktop,Free,506,25.86,7,158.54,1,318,5.9,1
CUST01360,East,Desktop,Free,598,126.97,5,193.54,0,29,11.7,1
CUST01361,North,Mobile,Premium,106,10.28,7,5.0,1,123,,0
CUST01362,North,Desktop,Free,290,216.4,8,96.31,3,208,8.2,0
CUST01363,North,Desktop,Premium,720,73.22,5,5.0,0,169,19.8,0
CUST01364,East,Tablet,Free,1374,30.49,5,22.66,3,95,6.1,1
CUST01365,South,Mobile,Basic,260,90.0,6,117.35,1,200,15.4,1
CUST01366,East,Mobile,Premium,502,53.75,9,57.42,1,30,7.8,0
CUST01367,North,Desktop,Free,1009,28.3,4,130.83,1,262,13.9,1
CUST01368,North,Desktop,Premium,768,16.59,8,32.0,2,115,12.9,1
CUST01369,North,Desktop,Free,743,25.17,8,166.61,3,157,9.3,1
CUST01370,North,Desktop,Premium,151,1.62,5,202.36,0,344,6.1,0
CUST01371,North,Mobile,Free,87,18162.78953115373,4,57.03,0,345,1.0,1
CUST01372,East,Desktop,Free,1168,6.27,5,148.22,3,3,11.5,0
CUST01373,North,Mobile,Free,880,66.69,3,63.39,0,209,9.3,0
CUST01374,North,Tablet,Free,345,197.72,4,212.01,2,46,,0
CUST01375,East,Mobile,Basic,735,19.57,4,43.21,2,26,1.0,1
CUST01376,North,Desktop,Basic,1313,180.71,5,116.84,0,93,5.5,0
CUST01377,West,Desktop,Enterprise,157,52.34,7,114.12,1,186,12.1,0
CUST01378,Central,Mobile,Enterprise,300,99.39,5,,2,159,10.3,1
CUST01379,North,Desktop,Premium,1091,3.33,7,86.12,2,5,,1
CUST01380,West,Mobile,Free,1459,91.14,4,141.38,1,332,9.6,0
CUST01381,West,Mobile,Basic,629,32.24,4,143.61,1,178,10.8,0
CUST01382,South,Mobile,Free,704,128.13,4,145.01,0,329,3.2,0
CUST01383,East,Mobile,Free,587,17594.81188108522,4,13.35,0,74,10.4,0
CUST01384,East,Mobile,Basic,1287,28.97,5,109.6,2,321,6.4,1
CUST01385,Central,Desktop,Free,366,47.66,4,99.05,3,346,11.9,0
CUST01386,Central,Desktop,Premium,606,20.1,5,65.37,2,284,10.7,1
CUST01387,Central,Tablet,Basic,767,17.05,3,188.12,0,36,9.1,0
CUST01388,North,Mobile,Free,99,,8,100.75,1,212,6.9,1
CUST01389,North,Desktop,Free,915,208.3,5,17.35,1,4,6.6,1
CUST01390,Central,Mobile,Free,526,78.53,1,225.24,1,11,5.1,0
CUST01391,Central,Tablet,Basic,1413,56.6,4,71.37,1,253,8.1,0
CUST01392,East,Desktop,Free,440,160.08,3,46.22,4,178,10.5,1
CUST01393,East,Mobile,Premium,1097,48.5,8,56.48,0,345,3.9,1
CUST01394,North,Mobile,Premium,952,57.52,7,93.7,2,271,11.6,1
CUST01395,South,Mobile,Free,1105,167.86,5,47.52,1,291,6.1,1
CUST01396,South,Mobile,Basic,800,26.35,4,117.44,0,65,2.4,0
CUST01397,North,Desktop,Free,935,44.33,7,161.59,2,109,10.4,0
CUST01398,South,Mobile,Free,1321,,6,5.0,0,182,3.1,1
CUST01399,Central,Tablet,Free,1362,17.31,6,63.47,1,130,4.3,1
CUST01400,East,Mobile,Free,1199,335.72,6,131.74,4,187,1.0,1
CUST01401,North,Tablet,Enterprise,895,58.37,3,103.94,0,230,12.0,0
CUST01402,North,Desktop,Free,174,115.27,8,168.67,0,329,5.2,1
CUST01403,North,Mobile,Premium,1330,174.84,5,114.97,1,31,1.7,0
CUST01404,South,Mobile,Enterprise,52,104.45,6,5.0,1,331,2.1,0
CUST01405,East,Tablet,Enterprise,115,235.85,4,133.18,0,313,10.0,1
CUST01406,South,Desktop,Free,40,27.95,7,87.13,2,157,1.0,0
CUST01407,North,Mobile,Basic,131,33.81,4,214.52,0,196,7.3,0
CUST01408,North,Desktop,Basic,1173,41.55,6,63.59,3,49,1.6,0
CUST01409,South,Desktop,Free,837,268.14,4,139.36,1,133,8.0,0
CUST01410,East,Mobile,Premium,1234,18.8,7,62.25,1,153,3.6,1
CUST01411,South,Desktop,Premium,156,24.43,7,105.18,3,92,12.1,0
CUST01412,East,Desktop,Premium,412,9.39,1,68.35,0,251,5.5,0
CUST01413,South,Mobile,Premium,754,23.94,3,102.37,0,8,3.4,0
CUST01414,East,Tablet,Free,696,23.1,4,123.15,2,195,7.9,1
CUST01415,East,Desktop,Basic,1459,61.36,9,159.73,2,43,12.8,0
CUST01416,East,Mobile,Basic,1175,14.28,4,118.12,2,1,14.2,1
CUST01417,East,Mobile,Basic,355,58.79,1,115.21,0,234,5.2,0
CUST01418,North,Mobile,Basic,673,397.35,4,57.53,1,129,7.6,0
CUST01419,Central,Desktop,Basic,494,9.69,1,126.84,0,157,14.9,1
CUST01420,South,Mobile,Basic,602,34.0,6,157.5,2,68,,1
CUST01421,North,Mobile,Basic,150,69.77,3,136.43,3,86,7.7,1
CUST01422,North,Mobile,Free,47,68.01,4,145.29,1,22,2.6,0
CUST01423,North,Desktop,Free,1392,52.72,3,139.04,2,50,10.6,0
CUST01424,North,Mobile,Free,1383,6.13,5,63.65,1,300,16.4,0
CUST01425,South,Desktop,Free,620,28.59,2,,1,211,6.4,0
CUST01426,North,Desktop,Free,1337,40.01,5,132.57,0,261,7.8,0
CUST01427,North,Mobile,Basic,1017,198.45,7,160.57,3,362,5.1,1
CUST01428,East,Mobile,Enterprise,387,3.28,4,64.75,0,188,,0
CUST01429,East,Mobile,Basic,1338,20.18,5,104.9,0,292,5.1,1
CUST01430,East,Desktop,Free,322,103.87,10,121.31,4,227,10.9,1
CUST01431,South,Tablet,Premium,491,120.26,5,90.02,0,98,6.5,0
CUST01432,North,Mobile,Free,1015,32.95,7,57.18,2,213,6.0,1
CUST01433,Central,Mobile,Free,1276,92.13,3,143.29,2,34,9.6,0
CUST01434,North,Desktop,Premium,1387,118.76,3,169.54,5,166,11.0,1
CUST01435,North,Mobile,Premium,1450,0.43,2,5.0,1,13,6.3,0
CUST01436,Central,Desktop,Free,1061,46.38,8,180.8,0,157,12.4,0
CUST01437,West,Mobile,Premium,1124,529.01,1,63.18,1,215,16.2,0
CUST01438,East,Mobile,Free,581,0.09,5,84.44,1,158,17.9,1
CUST01439,West,Mobile,Basic,242,10.57,4,109.39,1,255,1.2,0
CUST01440,North,Mobile,Basic,537,229.88,6,181.92,4,52,10.4,0
CUST01441,North,Desktop,Basic,215,15.51,6,186.4,1,50,12.2,0
CUST01442,South,Mobile,Premium,754,59.6,4,157.01,2,240,8.0,0
CUST01443,North,Mobile,Basic,1072,21.15,8,208.22,1,343,5.2,1
CUST01444,East,Tablet,Free,631,16.5,7,156.13,2,62,15.0,1
CUST01445,West,Tablet,Enterprise,897,97.11,2,163.91,0,235,15.8,1
CUST01446,North,Mobile,Premium,362,70.41,5,5.0,1,317,8.4,0
CUST01447,South,Desktop,Premium,629,60.08,4,165.83,0,126,11.1,0
CUST01448,South,Tablet,Premium,1220,92.36,3,143.46,1,169,9.4,0
CUST01449,East,Desktop,Free,559,36.98,2,72.99,0,88,11.1,1
CUST01450,Central,Desktop,Premium,837,67.51,4,54.91,0,265,11.9,0
CUST01451,Central,Tablet,Free,366,136.05,7,110.03,1,322,9.5,1
CUST01452,North,Mobile,Free,287,70.39,4,164.74,1,223,7.3,1
CUST01453,East,Mobile,Free,1433,19.24,2,128.13,4,154,11.3,1
CUST01454,West,Mobile,Premium,1422,6.08,2,,0,56,6.3,0
CUST01455,North,Mobile,Basic,1182,124.26,4,163.15,0,54,9.3,0
CUST01456,South,Mobile,Free,488,17.22,3,136.0,3,309,13.5,0
CUST01457,East,Mobile,Free,306,11.95,4,162.48,0,140,6.2,0
CUST01458,North,Mobile,Free,103,127.03,5,24.85,0,32,9.2,0
CUST01459,East,Mobile,Free,605,92.88,3,209.04,2,246,11.0,1
CUST01460,North,Mobile,Free,255,80.6,6,,0,269,4.2,0
CUST01461,North,Mobile,Free,823,63.27,4,90.74,1,63,11.9,0
CUST01462,West,Mobile,Basic,1407,,5,93.84,1,291,11.3,0
CUST01463,East,Mobile,Basic,360,284.12,6,124.03,1,335,12.8,1
CUST01464,South,Desktop,Free,568,29.26,7,186.46,2,109,11.0,0
CUST01465,Central,Tablet,Free,587,8.42,8,133.66,0,65,2.1,1
CUST01466,South,Mobile,Premium,1292,50.22,2,201.3,2,102,7.0,1
CUST01467,North,Mobile,Basic,414,22.95,0,105.56,3,295,3.9,1
CUST01468,West,Mobile,Enterprise,511,111.48,11,52.13,1,163,11.8,1
CUST01469,North,Mobile,Free,1493,77.01,5,250.6,3,335,4.2,1
CUST01470,North,Mobile,Basic,605,21.96,5,225.71,0,98,6.7,0
CUST01471,West,Mobile,Free,1017,104.29,2,135.35,1,287,7.9,1
CUST01472,South,Mobile,Basic,1394,119.87,4,105.74,0,141,10.4,0
CUST01473,North,Mobile,Basic,1260,133.04,2,69.84,2,296,,1
CUST01474,East,Mobile,Premium,326,69.98,3,39.83,3,143,3.2,0
CUST01475,East,Desktop,Enterprise,115,3.0,2,101.44,1,238,5.9,1
CUST01476,East,Mobile,Premium,791,85.82,8,,2,193,12.8,0
CUST01477,North,Mobile,Premium,895,47.4,3,158.7,2,235,16.1,0
CUST01478,South,Mobile,Free,40,29.09,3,129.69,0,326,9.1,0
CUST01479,South,Desktop,Basic,438,145.16,3,189.18,2,127,1.0,0
CUST01480,North,Tablet,Premium,1006,25.45,5,103.95,3,250,10.4,1
CUST01481,North,Mobile,Basic,849,68.03,8,117.01,0,102,2.4,0
CUST01482,North,Mobile,Free,103,62.74,2,142.14,1,67,11.9,0
CUST01483,South,Desktop,Enterprise,811,25.68,3,,2,229,8.0,0
CUST01484,North,Mobile,Free,977,145.31,8,5.0,0,184,6.9,0
CUST01485,East,Mobile,Basic,368,112.26,8,111.42,0,237,11.9,0
CUST01486,East,Desktop,Free,1312,253.28,4,200.57,0,337,4.7,1
CUST01487,East,Mobile,Premium,1136,6.68,3,65.93,2,80,2.5,0
CUST01488,East,Desktop,Free,1022,,3,100.87,1,349,6.5,1
CUST01489,South,Mobile,Free,3,114.21,5,112.33,0,229,7.4,0
CUST01490,West,Mobile,Premium,485,396.76,8,103.56,2,232,1.6,0
CUST01491,East,Desktop,Free,515,10.15,4,77.68,1,232,3.2,1
CUST01492,South,Tablet,Free,383,18.4,4,70.9,1,255,2.5,1
CUST01493,North,Desktop,Basic,1452,29.95,5,74.62,1,223,11.3,1
CUST01494,North,Desktop,Premium,810,131.0,2,127.95,2,28,8.9,0
CUST01495,South,Desktop,Free,1148,9.81,5,150.9,0,215,7.0,1
CUST01496,South,Mobile,Free,759,24.43,7,75.48,1,240,5.5,0
CUST01497,South,Mobile,Premium,263,12.41,3,35.73,0,45,10.4,0
CUST01498,West,Mobile,Basic,668,1.02,6,61.61,1,244,11.2,0
CUST01499,East,Mobile,Premium,70,,7,112.92,0,162,1.4,1
CUST01500,South,Mobile,Free,354,175.4,6,,3,31,5.8,1
CUST01501,South,Mobile,Premium,803,97.06,7,160.67,0,268,11.0,1
CUST01502,North,Tablet,Basic,186,108.0,1,154.64,2,0,5.2,1
CUST01503,West,Desktop,Free,642,151.45,6,105.04,0,135,11.6,1
CUST01504,South,Desktop,Premium,865,26.18,5,224.5,1,352,10.6,1
CUST01505,East,Mobile,Free,1004,72.37,5,188.67,1,185,10.7,1
CUST01506,North,Desktop,Basic,405,13.64,6,165.97,3,102,13.0,0
CUST01507,West,Desktop,Free,729,63.36,7,195.34,2,300,8.8,1
CUST01508,North,Mobile,Free,1085,8.02,7,60.56,0,52,11.6,1
CUST01509,East,Mobile,Enterprise,1379,43.66,9,5.0,1,102,,1
CUST01510,East,Mobile,Free,1307,11.82,5,180.16,3,326,10.6,1
CUST01511,West,Desktop,Basic,1429,11150.141023523724,6,71.45,0,243,6.5,1
CUST01512,West,Mobile,Basic,1217,76.09,4,109.55,1,268,2.8,0
CUST01513,East,Desktop,Basic,654,99.93,3,103.71,1,87,8.8,1
CUST01514,South,Mobile,Free,697,,6,131.72,2,214,11.4,1
CUST01515,East,Mobile,Premium,1350,107.59,7,62.59,1,354,10.4,1
CUST01516,South,Mobile,Free,319,409.54,9,137.32,0,326,7.9,1
CUST01517,Central,Mobile,Premium,770,150.61,7,142.78,2,194,5.5,0
CUST01518,Central,Mobile,Free,336,29.36,7,130.53,0,70,2.4,1
CUST01519,East,Desktop,Premium,1209,125.36,6,213.05,0,359,3.5,0
CUST01520,West,Mobile,Basic,180,16.95,7,95.15,2,104,13.2,0
CUST01521,North,Mobile,Free,1412,69.58,5,87.16,2,292,2.7,1
CUST01522,South,Mobile,Basic,294,91.84,4,5626.0246498293145,2,216,8.7,1
CUST01523,East,Mobile,Free,420,158.2,5,151.47,1,338,10.7,1
CUST01524,East,Mobile,Basic,1126,38.03,2,98.05,2,181,10.9,1
CUST01525,West,Desktop,Basic,761,70.52,4,100.22,3,44,15.7,0
CUST01526,North,Mobile,Premium,603,2.04,3,233.53,0,170,1.4,1
CUST01527,North,Mobile,Premium,1436,129.21,7,45.44,2,66,7.2,0
CUST01528,East,Mobile,Premium,62,65.93,5,156.79,2,319,9.6,0
CUST01529,North,Mobile,Enterprise,955,46.68,8,132.96,0,324,8.9,0
CUST01530,South,Mobile,Premium,1378,126.53,7,145.42,4,41,5.3,1
CUST01531,East,Mobile,Free,1357,156.46,14,140.09,1,314,12.3,1
CUST01532,North,Mobile,Premium,465,27.91,5,82.07,0,353,6.0,1
CUST01533,South,Mobile,Free,107,118.05,2,165.36,1,292,11.0,1
CUST01534,West,Mobile,Premium,118,34.3,5,173.43,2,93,7.5,0
CUST01535,South,Desktop,Premium,1172,,6,157.11,1,97,11.1,0
CUST01536,West,Desktop,Free,735,42.41,9,121.24,0,71,13.1,1
CUST01537,North,Desktop,Premium,1245,125.28,4,91.57,0,345,6.4,0
CUST01538,North,Mobile,Enterprise,1133,22.05,6,135.04,2,234,2.8,0
CUST01539,West,Mobile,Free,741,9862.793828153543,9,127.96,0,222,5.8,1
CUST01540,North,Desktop,Enterprise,533,132.38,6,216.7,1,177,9.1,0
CUST01541,North,Mobile,Basic,1029,33.16,6,,1,84,3.8,1
CUST01542,North,Mobile,Premium,462,84.61,6,152.98,0,17,4.8,1
CUST01543,North,Desktop,Free,540,,4,92.23,3,19,8.5,0
CUST01544,East,Desktop,Free,506,272.86,6,136.57,0,181,7.9,1
CUST01545,North,Mobile,Basic,410,35.57,3,39.4,1,281,6.2,0
CUST01546,North,Mobile,Free,767,157.7,8,76.45,2,98,4.4,0
CUST01547,South,Tablet,Basic,1051,31.17,4,75.23,2,351,1.0,0
CUST01548,East,Mobile,Free,374,16.82,4,91.37,1,89,13.3,0
CUST01549,West,Desktop,Basic,563,50.4,4,107.88,3,195,9.7,1
CUST01550,North,Desktop,Premium,384,35.2,3,221.67,1,313,7.9,0
CUST01551,North,Desktop,Basic,259,248.13,2,109.91,1,20,5.0,0
CUST01552,South,Desktop,Free,558,125.57,9,177.18,0,293,,0
CUST01553,Central,Desktop,Basic,878,188.11,4,184.24,0,130,,1
CUST01554,North,Mobile,Premium,413,215.2,5,,0,251,5.6,1
CUST01555,West,Mobile,Free,12,151.91,8,185.07,3,155,,1
CUST01556,West,Mobile,Premium,400,91.91,3,62.17,2,88,10.7,0
CUST01557,North,Desktop,Free,184,,9,90.98,0,215,6.2,1
CUST01558,North,Mobile,Basic,1297,49.39,4,179.94,1,165,,1
CUST01559,South,Mobile,Basic,1418,45.93,5,200.43,3,125,14.0,0
CUST01560,East,Mobile,Basic,1045,127.19,8,234.43,0,158,2.2,0
CUST01561,South,Mobile,Free,754,194.48,6,35.07,2,249,1.0,1
CUST01562,North,Mobile,Free,404,157.24,10,102.52,1,144,11.1,1
CUST01563,South,Mobile,Basic,805,32.55,4,135.05,1,118,6.7,0
CUST01564,West,Desktop,Enterprise,269,133.72,8,175.48,2,299,3.9,0
CUST01565,South,Desktop,Free,814,,1,130.16,0,262,11.2,0
CUST01566,South,Mobile,Premium,381,62.91,4,71.74,3,90,5.2,1
CUST01567,South,Mobile,Premium,686,,6,75.44,2,51,3.7,1
CUST01568,East,Mobile,Free,659,168.41,6,93.94,1,198,1.8,0
CUST01569,North,Desktop,Free,569,27.64,5,110.84,1,268,11.1,0
CUST01570,North,Mobile,Enterprise,690,12.35,3,158.23,2,251,1.0,0
CUST01571,East,Mobile,Free,683,141.01,2,156.97,2,104,6.2,0
CUST01572,East,Mobile,Basic,1000,40.82,4,217.61,1,234,11.2,1
CUST01573,Central,Mobile,Free,39,23.06,0,63.22,0,242,11.7,1
CUST01574,North,Desktop,Free,972,148.71,2,142.06,1,163,8.7,0
CUST01575,South,Desktop,Basic,355,25.55,1,121.69,0,311,17.8,1
CUST01576,North,Mobile,Premium,54,3.04,3,230.92,0,10,1.4,1
CUST01577,West,Mobile,Premium,822,38.64,5,82.33,1,12,6.8,1
CUST01578,North,Desktop,Basic,428,,5,103.35,1,287,8.6,1
CUST01579,South,Desktop,Enterprise,1207,,2,150.83,0,73,3.5,0
CUST01580,East,Mobile,Enterprise,1343,,5,87.17,0,125,10.5,1
CUST01581,East,Desktop,Free,609,514.74,7,38.57,1,50,8.1,1
CUST01582,South,Desktop,Free,1134,87.68,6,173.74,1,340,8.4,1
CUST01583,North,Tablet,Free,322,11.88,6,,0,278,4.1,0
CUST01584,South,Tablet,Free,1223,10.55,10,23.69,4,128,,1
CUST01585,North,Mobile,Free,1481,15.4,3,59.1,1,315,4.1,0
CUST01586,North,Mobile,Basic,538,27.01,7,126.98,3,352,13.4,1
CUST01587,East,Mobile,Premium,182,52.95,5,192.1,0,95,16.9,1
CUST01588,East,Mobile,Free,443,123.35,6,240.44,1,122,11.4,0
CUST01589,East,Desktop,Free,1090,119.23,3,81.25,3,164,5.3,0
CUST01590,East,Desktop,Enterprise,1015,28.74,5,151.68,1,293,8.8,0
CUST01591,Central,Mobile,Premium,1489,181.39,10,43.68,2,280,14.3,0
CUST01592,East,Mobile,Free,21,280.91,5,142.08,1,128,7.8,1
CUST01593,East,Mobile,Enterprise,1127,37.68,3,160.65,1,29,3.6,0
CUST01594,North,Mobile,Basic,345,176.01,7,63.5,0,304,10.3,1
CUST01595,East,Mobile,Basic,1153,47.95,5,188.56,1,34,5.2,1
CUST01596,North,Mobile,Basic,896,75.99,7,90.95,1,5,10.1,1
CUST01597,North,Desktop,Premium,971,42.46,4,96.71,2,178,14.9,0
CUST01598,East,Mobile,Free,522,210.5,4,107.09,1,184,4.4,1
CUST01599,North,Mobile,Basic,397,35.75,1,76.64,0,360,3.3,1
CUST01600,North,Desktop,Free,1026,106.33,1,,1,192,12.4,1
